metric,index,method,path,status,duration_ms,trace_id
"PE-07-ordinary-api","1","GET","/api/v1/incidents?page=1&size=50","200","23.889","g5-ab754e7a-f458-41c3-bd92-5a48fd881d45"
"PE-07-ordinary-api","2","GET","/api/v1/incidents?page=1&size=50","200","33.777","g5-d4b907b3-97fb-42b1-bf4d-eb004629cb44"
"PE-07-ordinary-api","3","GET","/api/v1/incidents?page=1&size=50","200","33.72","g5-e6ca9a2b-a26a-47d5-bbdd-7f7f7081564a"
"PE-07-ordinary-api","4","GET","/api/v1/incidents?page=1&size=50","200","33.761","g5-8e095507-fbf2-40c5-96bf-97c5ce1819a0"
"PE-07-ordinary-api","5","GET","/api/v1/incidents?page=1&size=50","200","33.819","g5-982c4f8c-2be3-46e0-b874-b00937067d23"
"PE-07-ordinary-api","6","GET","/api/v1/incidents?page=1&size=50","200","33.857","g5-9cbb9c9b-1123-475b-bd48-c441a050654c"
"PE-07-ordinary-api","7","GET","/api/v1/incidents?page=1&size=50","200","33.858","g5-fc5d2beb-495d-4ae2-9cdc-8b536b70957e"
"PE-07-ordinary-api","8","GET","/api/v1/incidents?page=1&size=50","200","33.866","g5-34170636-24d1-47ba-b182-ed375137c356"
"PE-07-ordinary-api","9","GET","/api/v1/incidents?page=1&size=50","200","33.873","g5-fbbbc7c9-2df0-4ee4-92de-c24cc8902cc0"
"PE-07-ordinary-api","10","GET","/api/v1/incidents?page=1&size=50","200","33.88","g5-9da62004-4a07-406a-82ba-4689db9c778d"
"PE-07-ordinary-api","11","GET","/api/v1/incidents?page=1&size=50","200","33.934","g5-52a3a436-ef1e-49c3-85bb-217c640c6758"
"PE-07-ordinary-api","12","GET","/api/v1/incidents?page=1&size=50","200","34.006","g5-8f008993-d84e-4392-9031-b6c326f23d6e"
"PE-07-ordinary-api","13","GET","/api/v1/incidents?page=1&size=50","200","34.07","g5-d92989fb-fd1e-4ae4-b1fd-c74007922f5a"
"PE-07-ordinary-api","14","GET","/api/v1/incidents?page=1&size=50","200","34.123","g5-5e41f4c5-8478-4227-91d5-c54375c638d6"
"PE-07-ordinary-api","15","GET","/api/v1/incidents?page=1&size=50","200","34.14","g5-fcdba94f-3f73-4abb-8f85-eeaaca6164df"
"PE-07-ordinary-api","16","GET","/api/v1/incidents?page=1&size=50","200","34.167","g5-481d99a1-dd0d-4267-9c9d-5e2409e0bf0f"
"PE-07-ordinary-api","17","GET","/api/v1/incidents?page=1&size=50","200","34.222","g5-df8d5959-3e39-4209-9013-af85a7e2661b"
"PE-07-ordinary-api","18","GET","/api/v1/incidents?page=1&size=50","200","34.284","g5-52b43478-b4bd-4849-af73-9e00344e2044"
"PE-07-ordinary-api","19","GET","/api/v1/incidents?page=1&size=50","200","34.33","g5-d73741ac-5cf3-45f2-90b7-dd97c07d8ac6"
"PE-07-ordinary-api","20","GET","/api/v1/incidents?page=1&size=50","200","34.379","g5-3718e490-a48c-4284-8171-90c391ecef2e"
"PE-07-ordinary-api","21","GET","/api/v1/incidents?page=1&size=50","200","34.435","g5-6a834687-b9ac-42fc-9ccf-3cdab57804aa"
"PE-07-ordinary-api","22","GET","/api/v1/incidents?page=1&size=50","200","34.496","g5-c996c87e-a4c8-436a-8e8a-2a0867957328"
"PE-07-ordinary-api","23","GET","/api/v1/incidents?page=1&size=50","200","34.611","g5-5aea13f6-5d27-4b83-a062-bff11e6054f1"
"PE-07-ordinary-api","24","GET","/api/v1/incidents?page=1&size=50","200","34.683","g5-644dd042-1a43-4283-aef4-d95a14e82341"
"PE-07-ordinary-api","25","GET","/api/v1/incidents?page=1&size=50","200","34.733","g5-0eb2a5d6-9455-4e0f-90df-f9060e67d139"
"PE-07-ordinary-api","26","GET","/api/v1/incidents?page=1&size=50","200","34.749","g5-bfd38f85-f773-413b-96ab-4549ef8b167f"
"PE-07-ordinary-api","27","GET","/api/v1/incidents?page=1&size=50","200","34.839","g5-25bad1fe-e5eb-44d4-96fe-287553e0ce98"
"PE-07-ordinary-api","28","GET","/api/v1/incidents?page=1&size=50","200","34.927","g5-d7ae8b95-b70e-4299-8a92-874c27eebd54"
"PE-07-ordinary-api","29","GET","/api/v1/incidents?page=1&size=50","200","35.007","g5-e6d4628f-ea47-4252-b95c-54438964297d"
"PE-07-ordinary-api","30","GET","/api/v1/incidents?page=1&size=50","200","35.074","g5-605eaa76-34fc-4994-8503-be42415e1bb0"
"PE-07-ordinary-api","31","GET","/api/v1/incidents?page=1&size=50","200","35.1","g5-0a8b4bc0-e8c2-4821-8309-b5f0474303b3"
"PE-07-ordinary-api","32","GET","/api/v1/incidents?page=1&size=50","200","35.204","g5-baa2c5b8-779d-4048-83e1-c5ed5a48cb8b"
"PE-07-ordinary-api","33","GET","/api/v1/incidents?page=1&size=50","200","35.24","g5-d9ba65f5-3bbc-4004-bb25-000b62cff4d7"
"PE-07-ordinary-api","34","GET","/api/v1/incidents?page=1&size=50","200","35.293","g5-1a262687-29f1-44c2-963b-ceef07c0a6a8"
"PE-07-ordinary-api","35","GET","/api/v1/incidents?page=1&size=50","200","35.333","g5-19c77a9e-9cc1-4bc3-9ea4-3410b56b4ff8"
"PE-07-ordinary-api","36","GET","/api/v1/incidents?page=1&size=50","200","35.402","g5-5df0d792-9dd5-4241-89aa-95e2060fef8c"
"PE-07-ordinary-api","37","GET","/api/v1/incidents?page=1&size=50","200","35.488","g5-af8589f0-7a64-4fcd-a905-94ef8b4920b1"
"PE-07-ordinary-api","38","GET","/api/v1/incidents?page=1&size=50","200","35.426","g5-a4cec172-a167-4a48-beec-efa1eb9c2310"
"PE-07-ordinary-api","39","GET","/api/v1/incidents?page=1&size=50","200","35.424","g5-026cdf70-7274-4737-8ace-6f7813095136"
"PE-07-ordinary-api","40","GET","/api/v1/incidents?page=1&size=50","200","35.47","g5-c53edf1b-e8f5-4a96-8371-d99db5ec4a67"
"PE-07-ordinary-api","41","GET","/api/v1/incidents?page=1&size=50","200","35.501","g5-1c16e310-a376-49ec-8da9-07d7416319e9"
"PE-07-ordinary-api","42","GET","/api/v1/incidents?page=1&size=50","200","35.554","g5-fe869357-4ac4-433a-9ea8-21403661c33c"
"PE-07-ordinary-api","43","GET","/api/v1/incidents?page=1&size=50","200","35.583","g5-e76733f2-dcaa-47bf-ba54-0e6f4d1ae9d7"
"PE-07-ordinary-api","44","GET","/api/v1/incidents?page=1&size=50","200","35.618","g5-ef0cbfdd-302a-40d6-b083-32a693026659"
"PE-07-ordinary-api","45","GET","/api/v1/incidents?page=1&size=50","200","35.713","g5-b248fb70-b6ff-403a-b985-e02d16b417c9"
"PE-07-ordinary-api","46","GET","/api/v1/incidents?page=1&size=50","200","35.796","g5-7eab5b4b-f43f-43ff-8fa4-936521a2e895"
"PE-07-ordinary-api","47","GET","/api/v1/incidents?page=1&size=50","200","35.898","g5-2c31dec4-4c32-44cd-97b0-47edd6c8e4e7"
"PE-07-ordinary-api","48","GET","/api/v1/incidents?page=1&size=50","200","35.223","g5-e8ae22a2-cba4-40e8-b189-b988d6586fe7"
"PE-07-ordinary-api","49","GET","/api/v1/incidents?page=1&size=50","200","35.269","g5-a342f154-0963-4736-8c9b-4e3bc20188d1"
"PE-07-ordinary-api","50","GET","/api/v1/incidents?page=1&size=50","200","35.331","g5-a7cdfe68-80cc-4425-b2bc-76e299016469"
"PE-07-ordinary-api","51","GET","/api/v1/incidents?page=1&size=50","200","21.438","g5-90118374-040d-4231-a81f-9e94642e8528"
"PE-07-ordinary-api","52","GET","/api/v1/incidents?page=1&size=50","200","21.404","g5-a5c9bdae-9afe-4bf1-8814-cb5cd40a68ae"
"PE-07-ordinary-api","53","GET","/api/v1/incidents?page=1&size=50","200","29.412","g5-1f251b97-9dcc-4b01-9311-623705c01ba4"
"PE-07-ordinary-api","54","GET","/api/v1/incidents?page=1&size=50","200","29.397","g5-820cda86-825b-4dd9-adf0-1f527a4c1574"
"PE-07-ordinary-api","55","GET","/api/v1/incidents?page=1&size=50","200","29.444","g5-324c26e5-6f6c-4f89-980b-9fa2f34e26cf"
"PE-07-ordinary-api","56","GET","/api/v1/incidents?page=1&size=50","200","29.57","g5-c8ea1c41-b029-4073-9f75-369b94b05aa4"
"PE-07-ordinary-api","57","GET","/api/v1/incidents?page=1&size=50","200","29.668","g5-13d08fa9-7c4a-4b91-bfba-f1c66b0a068c"
"PE-07-ordinary-api","58","GET","/api/v1/incidents?page=1&size=50","200","30.459","g5-e5b4b58a-79b5-44dc-a4f3-fb7576e9382f"
"PE-07-ordinary-api","59","GET","/api/v1/incidents?page=1&size=50","200","30.592","g5-93f25934-26af-44cc-9fd3-c04092a8ae89"
"PE-07-ordinary-api","60","GET","/api/v1/incidents?page=1&size=50","200","30.449","g5-cbdebf4a-a2b8-4fd0-8818-f10a0ace3bff"
"PE-07-ordinary-api","61","GET","/api/v1/incidents?page=1&size=50","200","30.417","g5-277dc0c3-64d5-4f4f-87ac-872afd8e36cc"
"PE-07-ordinary-api","62","GET","/api/v1/incidents?page=1&size=50","200","30.461","g5-92a60ce7-ce6d-4336-ae28-d64007b6f11a"
"PE-07-ordinary-api","63","GET","/api/v1/incidents?page=1&size=50","200","30.511","g5-a2f9a687-4bc2-42f8-9697-a3a16056d3b2"
"PE-07-ordinary-api","64","GET","/api/v1/incidents?page=1&size=50","200","30.536","g5-0538275d-48ab-4bec-9316-191af380a102"
"PE-07-ordinary-api","65","GET","/api/v1/incidents?page=1&size=50","200","30.584","g5-6e893760-8059-432d-b0fa-257914f4c680"
"PE-07-ordinary-api","66","GET","/api/v1/incidents?page=1&size=50","200","30.743","g5-d971bc9d-df32-4d10-94d6-197c1df47286"
"PE-07-ordinary-api","67","GET","/api/v1/incidents?page=1&size=50","200","30.798","g5-ded6ed7a-d69a-4c7b-b125-c504926a621d"
"PE-07-ordinary-api","68","GET","/api/v1/incidents?page=1&size=50","200","30.882","g5-f11d2065-5060-4f76-9534-1ba473039184"
"PE-07-ordinary-api","69","GET","/api/v1/incidents?page=1&size=50","200","30.979","g5-436ea038-157f-499a-a22f-6e393e80ac59"
"PE-07-ordinary-api","70","GET","/api/v1/incidents?page=1&size=50","200","31.055","g5-3a8c5c40-c576-4e26-a99a-72056f5f217b"
"PE-07-ordinary-api","71","GET","/api/v1/incidents?page=1&size=50","200","31.112","g5-cd9b608a-5d82-444f-8ef0-ee7772019659"
"PE-07-ordinary-api","72","GET","/api/v1/incidents?page=1&size=50","200","31.151","g5-3e3342fa-ddc9-4310-8070-69590353accb"
"PE-07-ordinary-api","73","GET","/api/v1/incidents?page=1&size=50","200","31.22","g5-af410dbf-77ac-4588-9a6e-c2345c2d82f7"
"PE-07-ordinary-api","74","GET","/api/v1/incidents?page=1&size=50","200","31.299","g5-c83a34a3-50af-41a1-8aec-872b832d1865"
"PE-07-ordinary-api","75","GET","/api/v1/incidents?page=1&size=50","200","31.353","g5-28d4b36f-a102-40d6-8004-2187ba97ee17"
"PE-07-ordinary-api","76","GET","/api/v1/incidents?page=1&size=50","200","31.376","g5-77ad5412-bdde-4c39-81e6-42a64394126b"
"PE-07-ordinary-api","77","GET","/api/v1/incidents?page=1&size=50","200","31.393","g5-024a6690-a0e2-4f80-bbe2-b6e40a7f5221"
"PE-07-ordinary-api","78","GET","/api/v1/incidents?page=1&size=50","200","31.421","g5-4b0414bb-c75e-4c2a-95ce-75857535544f"
"PE-07-ordinary-api","79","GET","/api/v1/incidents?page=1&size=50","200","31.476","g5-1ad8b0fb-7339-417b-a4f5-f0d4b3cd8439"
"PE-07-ordinary-api","80","GET","/api/v1/incidents?page=1&size=50","200","31.522","g5-60abf974-874b-4e82-846e-d4d7779d2f1c"
"PE-07-ordinary-api","81","GET","/api/v1/incidents?page=1&size=50","200","31.559","g5-568b772d-c706-4f12-a6a2-2f122a6a5344"
"PE-07-ordinary-api","82","GET","/api/v1/incidents?page=1&size=50","200","31.615","g5-4f2a74a9-9970-426a-98a2-d871ee6c3b7c"
"PE-07-ordinary-api","83","GET","/api/v1/incidents?page=1&size=50","200","31.694","g5-8fdefea8-05e4-48fd-898d-a121bb13fd95"
"PE-07-ordinary-api","84","GET","/api/v1/incidents?page=1&size=50","200","31.749","g5-563ec9ca-7f2f-42bb-873e-b869044b0f9d"
"PE-07-ordinary-api","85","GET","/api/v1/incidents?page=1&size=50","200","31.806","g5-1bb7e8dc-82b6-466d-b5d2-c9a3cc278978"
"PE-07-ordinary-api","86","GET","/api/v1/incidents?page=1&size=50","200","31.875","g5-d54cb8a1-a042-4522-9881-a3c3924cbe2a"
"PE-07-ordinary-api","87","GET","/api/v1/incidents?page=1&size=50","200","31.94","g5-7c531286-01c9-4d00-a4c9-059a3fc2ea71"
"PE-07-ordinary-api","88","GET","/api/v1/incidents?page=1&size=50","200","31.966","g5-f49034b2-99b0-435f-a37c-6dad21bfa0c6"
"PE-07-ordinary-api","89","GET","/api/v1/incidents?page=1&size=50","200","32.025","g5-bf2a6e57-2c56-4d66-82f3-08ff298afa64"
"PE-07-ordinary-api","90","GET","/api/v1/incidents?page=1&size=50","200","32.077","g5-5d38158b-eb00-49a9-969e-5f3749b77840"
"PE-07-ordinary-api","91","GET","/api/v1/incidents?page=1&size=50","200","32.133","g5-5ee528d3-1dd1-4f3f-8fc0-2f503452d860"
"PE-07-ordinary-api","92","GET","/api/v1/incidents?page=1&size=50","200","32.188","g5-90553a76-8130-4bcc-95ba-5bfa04e5826a"
"PE-07-ordinary-api","93","GET","/api/v1/incidents?page=1&size=50","200","32.241","g5-8b68595e-47da-4153-a652-3b76ff3e6200"
"PE-07-ordinary-api","94","GET","/api/v1/incidents?page=1&size=50","200","32.298","g5-d7b7a5e6-c54f-44b2-b73a-a5f8ca359296"
"PE-07-ordinary-api","95","GET","/api/v1/incidents?page=1&size=50","200","32.397","g5-5cc84849-0687-4633-adbe-5fd94f64dc86"
"PE-07-ordinary-api","96","GET","/api/v1/incidents?page=1&size=50","200","32.435","g5-e3bbe936-26b7-4922-af24-cc194eeae51e"
"PE-07-ordinary-api","97","GET","/api/v1/incidents?page=1&size=50","200","32.469","g5-35474a55-2918-4d70-9a21-df13af7b56fc"
"PE-07-ordinary-api","98","GET","/api/v1/incidents?page=1&size=50","200","32.545","g5-a15492f4-e8e1-4f6a-86b1-9cdbf2edbead"
"PE-07-ordinary-api","99","GET","/api/v1/incidents?page=1&size=50","200","32.595","g5-96026d8f-c16e-4d0f-948d-9b6dcccb64b6"
"PE-07-ordinary-api","100","GET","/api/v1/incidents?page=1&size=50","200","32.651","g5-70b14bdd-ee30-4401-8c29-1bba2ca717a6"
"PE-07-ordinary-api","101","GET","/api/v1/incidents?page=1&size=50","200","14.934","g5-c7918d0d-1fad-4851-92bf-15a20bc8bb82"
"PE-07-ordinary-api","102","GET","/api/v1/incidents?page=1&size=50","200","14.885","g5-76506474-40de-457c-8405-583eed6e663b"
"PE-07-ordinary-api","103","GET","/api/v1/incidents?page=1&size=50","200","14.939","g5-e255d6ea-acc5-4b64-b88b-14d2ad32e880"
"PE-07-ordinary-api","104","GET","/api/v1/incidents?page=1&size=50","200","14.983","g5-0d3f0f7e-23fc-4842-9ddb-023839b68a26"
"PE-07-ordinary-api","105","GET","/api/v1/incidents?page=1&size=50","200","15.058","g5-7ec3d836-a026-4b68-a526-0dce12cf6d06"
"PE-07-ordinary-api","106","GET","/api/v1/incidents?page=1&size=50","200","15.142","g5-965a4e9e-a181-45bc-860a-c1cb3c5bd0b2"
"PE-07-ordinary-api","107","GET","/api/v1/incidents?page=1&size=50","200","15.2","g5-377e7522-577d-4623-9080-ff734dfef4ab"
"PE-07-ordinary-api","108","GET","/api/v1/incidents?page=1&size=50","200","15.239","g5-b102365e-e5ac-4d98-a88c-ba65b5e7bea7"
"PE-07-ordinary-api","109","GET","/api/v1/incidents?page=1&size=50","200","15.217","g5-fcc8632b-47d2-40ff-b0a8-305f9f5ee00d"
"PE-07-ordinary-api","110","GET","/api/v1/incidents?page=1&size=50","200","15.191","g5-de696000-e60f-4f29-97f9-c6b50f0389be"
"PE-07-ordinary-api","111","GET","/api/v1/incidents?page=1&size=50","200","15.213","g5-af8ac9b8-1d15-4b96-9053-45ee8294d213"
"PE-07-ordinary-api","112","GET","/api/v1/incidents?page=1&size=50","200","15.278","g5-bd634535-42d8-4d04-b80d-75278bdf757e"
"PE-07-ordinary-api","113","GET","/api/v1/incidents?page=1&size=50","200","15.362","g5-7e27abbc-37d0-4b68-9032-e620d13db25e"
"PE-07-ordinary-api","114","GET","/api/v1/incidents?page=1&size=50","200","15.443","g5-10d5cdf5-1646-4786-959c-edbd27bd0144"
"PE-07-ordinary-api","115","GET","/api/v1/incidents?page=1&size=50","200","15.489","g5-a9115bed-0b17-4968-b22c-82ba133a6d04"
"PE-07-ordinary-api","116","GET","/api/v1/incidents?page=1&size=50","200","15.555","g5-dfa761c0-c04f-4577-9c1a-870148d276c6"
"PE-07-ordinary-api","117","GET","/api/v1/incidents?page=1&size=50","200","15.572","g5-42473736-c7bb-4c73-bcff-ba9b6918128a"
"PE-07-ordinary-api","118","GET","/api/v1/incidents?page=1&size=50","200","15.561","g5-cb50dafd-8bd8-4bd2-bedf-e325a0c5f919"
"PE-07-ordinary-api","119","GET","/api/v1/incidents?page=1&size=50","200","15.606","g5-87aa89b4-86b2-46b7-92df-ee331df3d671"
"PE-07-ordinary-api","120","GET","/api/v1/incidents?page=1&size=50","200","15.668","g5-00ba6302-e7f2-4fbd-ae53-1a67e9fcd136"
"PE-07-ordinary-api","121","GET","/api/v1/incidents?page=1&size=50","200","15.718","g5-3b350546-e32c-4260-801f-33289143fa1e"
"PE-07-ordinary-api","122","GET","/api/v1/incidents?page=1&size=50","200","15.793","g5-2796f0aa-e334-4611-aaed-dad02b126fa0"
"PE-07-ordinary-api","123","GET","/api/v1/incidents?page=1&size=50","200","15.851","g5-ec33c635-a37b-416c-8b3b-db27cc93027d"
"PE-07-ordinary-api","124","GET","/api/v1/incidents?page=1&size=50","200","15.955","g5-ea1e8376-5436-4596-bcf2-041262cf4c98"
"PE-07-ordinary-api","125","GET","/api/v1/incidents?page=1&size=50","200","15.963","g5-e63bd0fb-66db-45e8-83b9-7d54bab3dbea"
"PE-07-ordinary-api","126","GET","/api/v1/incidents?page=1&size=50","200","16.039","g5-c4e53313-c838-4ae0-aaa6-468f88bbdf36"
"PE-07-ordinary-api","127","GET","/api/v1/incidents?page=1&size=50","200","16.072","g5-08d5147a-3c97-4f4d-a315-be58be993a7c"
"PE-07-ordinary-api","128","GET","/api/v1/incidents?page=1&size=50","200","16.096","g5-9ed194e6-a366-4f17-ba81-d7ec07c9be44"
"PE-07-ordinary-api","129","GET","/api/v1/incidents?page=1&size=50","200","16.108","g5-14797549-0dae-4be5-935b-4b032bb756f1"
"PE-07-ordinary-api","130","GET","/api/v1/incidents?page=1&size=50","200","16.198","g5-a57253ce-8ad5-46c8-be4c-51784c08fcef"
"PE-07-ordinary-api","131","GET","/api/v1/incidents?page=1&size=50","200","16.237","g5-7fcf88d1-b297-4abd-9c1e-01a7be787225"
"PE-07-ordinary-api","132","GET","/api/v1/incidents?page=1&size=50","200","16.314","g5-05ddf3c2-3026-438c-9e54-74b07623980b"
"PE-07-ordinary-api","133","GET","/api/v1/incidents?page=1&size=50","200","16.353","g5-3d7a6047-e7fb-4ac9-80eb-95c222637b69"
"PE-07-ordinary-api","134","GET","/api/v1/incidents?page=1&size=50","200","16.465","g5-bba16751-0207-4734-9a1d-db65d9f08ea4"
"PE-07-ordinary-api","135","GET","/api/v1/incidents?page=1&size=50","200","16.515","g5-e5b84bc9-e255-4c9d-863d-cb2de51c6b19"
"PE-07-ordinary-api","136","GET","/api/v1/incidents?page=1&size=50","200","16.588","g5-3d626415-5cec-48e7-ab7e-748e3f2f7bc7"
"PE-07-ordinary-api","137","GET","/api/v1/incidents?page=1&size=50","200","16.634","g5-53e529fa-816c-49a3-adc9-65e56d3065e2"
"PE-07-ordinary-api","138","GET","/api/v1/incidents?page=1&size=50","200","18.373","g5-a9cdce2e-5f30-472b-bbb0-b318df4f3da3"
"PE-07-ordinary-api","139","GET","/api/v1/incidents?page=1&size=50","200","18.447","g5-249115a3-4629-4295-9979-0cfb5a1f5349"
"PE-07-ordinary-api","140","GET","/api/v1/incidents?page=1&size=50","200","18.485","g5-3f0297d9-fa67-45aa-90f5-b7c0e970fca1"
"PE-07-ordinary-api","141","GET","/api/v1/incidents?page=1&size=50","200","18.511","g5-a2444a6d-4148-48a3-85fb-bdb2cb365528"
"PE-07-ordinary-api","142","GET","/api/v1/incidents?page=1&size=50","200","18.542","g5-2cc341d2-634b-44d4-973e-d18f461f12e0"
"PE-07-ordinary-api","143","GET","/api/v1/incidents?page=1&size=50","200","18.571","g5-e4e299eb-ea93-4b45-a25a-5c8c086ce8e2"
"PE-07-ordinary-api","144","GET","/api/v1/incidents?page=1&size=50","200","18.596","g5-38a0bef5-2568-4459-bd71-28c379b957d7"
"PE-07-ordinary-api","145","GET","/api/v1/incidents?page=1&size=50","200","18.635","g5-cd084e40-a6b8-49af-9966-cffe7666d3c9"
"PE-07-ordinary-api","146","GET","/api/v1/incidents?page=1&size=50","200","18.723","g5-a8249417-75d3-4715-a437-75e329ae7b45"
"PE-07-ordinary-api","147","GET","/api/v1/incidents?page=1&size=50","200","19.095","g5-2e7ebd79-cb0c-4995-85aa-8115cb9b1296"
"PE-07-ordinary-api","148","GET","/api/v1/incidents?page=1&size=50","200","19.128","g5-06d70b04-88c6-4e99-b867-580aaf1b9bcf"
"PE-07-ordinary-api","149","GET","/api/v1/incidents?page=1&size=50","200","19.153","g5-4ba41e88-4040-4787-ad45-5de130a74031"
"PE-07-ordinary-api","150","GET","/api/v1/incidents?page=1&size=50","200","19.179","g5-e41e6ae1-17a2-4c77-87b8-90e7d5c2c683"
"PE-07-ordinary-api","151","GET","/api/v1/incidents?page=1&size=50","200","13.71","g5-a3c299f7-2ae1-40af-a35d-591fd73482bf"
"PE-07-ordinary-api","152","GET","/api/v1/incidents?page=1&size=50","200","13.525","g5-b9e9779f-a16c-4198-b237-b376d675970c"
"PE-07-ordinary-api","153","GET","/api/v1/incidents?page=1&size=50","200","13.525","g5-1996643f-ff65-4336-9b86-290a4e51f32e"
"PE-07-ordinary-api","154","GET","/api/v1/incidents?page=1&size=50","200","13.455","g5-87f5e97d-0fc8-41a9-b6e4-da11cab7d2c5"
"PE-07-ordinary-api","155","GET","/api/v1/incidents?page=1&size=50","200","13.411","g5-627ed258-ffe8-46f5-b87f-39338a3a9b0b"
"PE-07-ordinary-api","156","GET","/api/v1/incidents?page=1&size=50","200","13.422","g5-bb844ca2-b8f9-4397-96b7-92d5e9efdf3e"
"PE-07-ordinary-api","157","GET","/api/v1/incidents?page=1&size=50","200","13.457","g5-4dca21a9-7a32-4844-ba72-7f12c14f1191"
"PE-07-ordinary-api","158","GET","/api/v1/incidents?page=1&size=50","200","13.515","g5-aa0b2f7e-93b8-4cef-bd0e-3cc6c16da3a1"
"PE-07-ordinary-api","159","GET","/api/v1/incidents?page=1&size=50","200","13.542","g5-e59b152e-18cf-46bc-acfd-59cf3e4ba053"
"PE-07-ordinary-api","160","GET","/api/v1/incidents?page=1&size=50","200","13.584","g5-2b8aef2a-1cc0-48b9-a315-7d23f9190ae6"
"PE-07-ordinary-api","161","GET","/api/v1/incidents?page=1&size=50","200","13.609","g5-868e8977-5da3-4260-b98e-351dc76b77b3"
"PE-07-ordinary-api","162","GET","/api/v1/incidents?page=1&size=50","200","13.63","g5-4b61760b-b5a8-41ef-8f34-f53b6ab25bcf"
"PE-07-ordinary-api","163","GET","/api/v1/incidents?page=1&size=50","200","13.66","g5-07eccc20-a9a9-4669-812e-d6230ea7dc97"
"PE-07-ordinary-api","164","GET","/api/v1/incidents?page=1&size=50","200","13.679","g5-73b32d5b-955c-425a-99db-92e1622777ef"
"PE-07-ordinary-api","165","GET","/api/v1/incidents?page=1&size=50","200","13.544","g5-8978dadd-2921-49d9-8300-afc11216dd86"
"PE-07-ordinary-api","166","GET","/api/v1/incidents?page=1&size=50","200","13.586","g5-a6b41f80-e5f6-4dd3-9635-557e5b0eccb7"
"PE-07-ordinary-api","167","GET","/api/v1/incidents?page=1&size=50","200","13.607","g5-b77b5ece-e583-4f41-88c0-bd0f1675158d"
"PE-07-ordinary-api","168","GET","/api/v1/incidents?page=1&size=50","200","13.625","g5-961fb02d-852e-402d-8d25-165f4120a370"
"PE-07-ordinary-api","169","GET","/api/v1/incidents?page=1&size=50","200","13.639","g5-abe14d2f-100e-45cf-bc2d-9198af97d706"
"PE-07-ordinary-api","170","GET","/api/v1/incidents?page=1&size=50","200","13.645","g5-90438594-22d3-43a5-bef4-45219ba6e4b0"
"PE-07-ordinary-api","171","GET","/api/v1/incidents?page=1&size=50","200","13.67","g5-291a4bed-c7af-4eda-b2cb-6e9dbc8e835d"
"PE-07-ordinary-api","172","GET","/api/v1/incidents?page=1&size=50","200","13.694","g5-4ffa7f9e-6b11-4983-be84-276f852129b2"
"PE-07-ordinary-api","173","GET","/api/v1/incidents?page=1&size=50","200","13.723","g5-37da5c65-88ce-49f1-9a88-e99593522bd0"
"PE-07-ordinary-api","174","GET","/api/v1/incidents?page=1&size=50","200","13.78","g5-1a1da5fb-c3f2-4052-9dfe-b8fd547295d5"
"PE-07-ordinary-api","175","GET","/api/v1/incidents?page=1&size=50","200","13.811","g5-8e4fd2b5-b1b9-40de-8133-2cf5755eab27"
"PE-07-ordinary-api","176","GET","/api/v1/incidents?page=1&size=50","200","13.848","g5-10967536-3a03-43c6-847d-9e97a21cf104"
"PE-07-ordinary-api","177","GET","/api/v1/incidents?page=1&size=50","200","13.87","g5-c97ab589-7a82-4d26-beae-d5573a282e1a"
"PE-07-ordinary-api","178","GET","/api/v1/incidents?page=1&size=50","200","13.893","g5-96a11bd2-877a-4477-b98a-672e19621d53"
"PE-07-ordinary-api","179","GET","/api/v1/incidents?page=1&size=50","200","13.89","g5-c9028d23-a15b-4e7e-83d2-b63f49b74948"
"PE-07-ordinary-api","180","GET","/api/v1/incidents?page=1&size=50","200","13.873","g5-e0cb817d-80f0-4562-a5f5-7a76a1f2a5f1"
"PE-07-ordinary-api","181","GET","/api/v1/incidents?page=1&size=50","200","13.891","g5-3fbd9017-d8a8-475d-bd51-6921fd2eeeca"
"PE-07-ordinary-api","182","GET","/api/v1/incidents?page=1&size=50","200","13.913","g5-1b1f17cc-d167-45fe-b59c-cd682fe6abcd"
"PE-07-ordinary-api","183","GET","/api/v1/incidents?page=1&size=50","200","13.934","g5-f7e71bc9-9b56-4d98-9ad7-81310d604541"
"PE-07-ordinary-api","184","GET","/api/v1/incidents?page=1&size=50","200","13.957","g5-99a7221e-e034-47b8-a296-493ccaf47e44"
"PE-07-ordinary-api","185","GET","/api/v1/incidents?page=1&size=50","200","13.981","g5-7b97fa98-c233-4226-aa4b-cb5b681d591c"
"PE-07-ordinary-api","186","GET","/api/v1/incidents?page=1&size=50","200","14.147","g5-251e7eb1-3a94-48c1-8a2c-ddea0975df22"
"PE-07-ordinary-api","187","GET","/api/v1/incidents?page=1&size=50","200","14.218","g5-22ea2151-432d-4c63-adf6-084eb2825272"
"PE-07-ordinary-api","188","GET","/api/v1/incidents?page=1&size=50","200","14.317","g5-e546e648-5b2b-4d63-8631-2269e0525e75"
"PE-07-ordinary-api","189","GET","/api/v1/incidents?page=1&size=50","200","14.345","g5-258f33c0-1b42-4daf-9800-7d584518d492"
"PE-07-ordinary-api","190","GET","/api/v1/incidents?page=1&size=50","200","14.381","g5-2a553746-0936-4026-88df-d99085ff4393"
"PE-07-ordinary-api","191","GET","/api/v1/incidents?page=1&size=50","200","14.419","g5-27621c5e-17ed-412d-a147-bb74a57a4706"
"PE-07-ordinary-api","192","GET","/api/v1/incidents?page=1&size=50","200","14.442","g5-48812189-dac0-4ebe-a120-595058cc914f"
"PE-07-ordinary-api","193","GET","/api/v1/incidents?page=1&size=50","200","14.473","g5-c2305888-f141-4477-837a-b262b1a96802"
"PE-07-ordinary-api","194","GET","/api/v1/incidents?page=1&size=50","200","14.495","g5-1f2a9225-1fd0-4626-9aa2-d3521ef399ef"
"PE-07-ordinary-api","195","GET","/api/v1/incidents?page=1&size=50","200","14.576","g5-0d88869c-5476-4c77-a731-ea9dce96cc5c"
"PE-07-ordinary-api","196","GET","/api/v1/incidents?page=1&size=50","200","14.602","g5-edcb74e4-ddb2-4434-bd5e-c57fdf5b11f1"
"PE-07-ordinary-api","197","GET","/api/v1/incidents?page=1&size=50","200","14.653","g5-c0a60945-7633-4b66-90d8-65bc1f2de7bc"
"PE-07-ordinary-api","198","GET","/api/v1/incidents?page=1&size=50","200","14.696","g5-83312332-41ee-48f4-bc44-677674c4fb93"
"PE-07-ordinary-api","199","GET","/api/v1/incidents?page=1&size=50","200","14.737","g5-47057d41-653a-4147-a6dd-62951572031b"
"PE-07-ordinary-api","200","GET","/api/v1/incidents?page=1&size=50","200","15.154","g5-1d980582-34fa-4367-8c8c-92df6079e0eb"
"PE-07-ordinary-api","201","GET","/api/v1/incidents?page=1&size=50","200","12.643","g5-44ffdeaf-aef3-492d-9577-3e7d1657f3d2"
"PE-07-ordinary-api","202","GET","/api/v1/incidents?page=1&size=50","200","12.66","g5-0fef77da-6b7a-4d69-a154-440e43ada640"
"PE-07-ordinary-api","203","GET","/api/v1/incidents?page=1&size=50","200","12.677","g5-16a017f3-8e07-40d3-879b-a644df9df001"
"PE-07-ordinary-api","204","GET","/api/v1/incidents?page=1&size=50","200","12.715","g5-230707ac-479a-4e86-9f21-5e9b7fd29936"
"PE-07-ordinary-api","205","GET","/api/v1/incidents?page=1&size=50","200","12.76","g5-c2608ae5-fd7e-4f1b-ac02-9a564ebd5500"
"PE-07-ordinary-api","206","GET","/api/v1/incidents?page=1&size=50","200","12.781","g5-cd3cb6d8-19d2-4def-922a-6309bf2a0ed3"
"PE-07-ordinary-api","207","GET","/api/v1/incidents?page=1&size=50","200","12.821","g5-438d38f4-ee63-42e8-aa8e-a0abb4ad6d8c"
"PE-07-ordinary-api","208","GET","/api/v1/incidents?page=1&size=50","200","12.842","g5-c4fae8e0-f2b1-4f27-b05c-8619cdc3695a"
"PE-07-ordinary-api","209","GET","/api/v1/incidents?page=1&size=50","200","12.888","g5-abcc9986-aa6a-4e5d-acf0-4e1933d9c677"
"PE-07-ordinary-api","210","GET","/api/v1/incidents?page=1&size=50","200","12.909","g5-c9577f19-dda3-46e0-abaf-e3c8df3df719"
"PE-07-ordinary-api","211","GET","/api/v1/incidents?page=1&size=50","200","12.94","g5-33e69ab4-8739-422e-a25f-077b50d53068"
"PE-07-ordinary-api","212","GET","/api/v1/incidents?page=1&size=50","200","12.975","g5-ec90bb6a-4d84-4c20-bff4-33e5e9f510ef"
"PE-07-ordinary-api","213","GET","/api/v1/incidents?page=1&size=50","200","13","g5-0f0fdc77-d769-4358-89ba-6b38990b1227"
"PE-07-ordinary-api","214","GET","/api/v1/incidents?page=1&size=50","200","13.043","g5-e223821e-522e-404f-b658-eeaa9cfe667d"
"PE-07-ordinary-api","215","GET","/api/v1/incidents?page=1&size=50","200","13.081","g5-8a3bd6f9-e350-4788-af11-9b88acad022d"
"PE-07-ordinary-api","216","GET","/api/v1/incidents?page=1&size=50","200","13.123","g5-18df0c15-cf4d-4f4f-8d95-e3dc452ebfc0"
"PE-07-ordinary-api","217","GET","/api/v1/incidents?page=1&size=50","200","13.162","g5-aa17757c-8189-4e10-b617-ed726a2da1d9"
"PE-07-ordinary-api","218","GET","/api/v1/incidents?page=1&size=50","200","13.142","g5-29cd9bb7-186c-416d-929c-e785c5496859"
"PE-07-ordinary-api","219","GET","/api/v1/incidents?page=1&size=50","200","13.159","g5-7e473ee9-308e-4d49-9579-439456c8448f"
"PE-07-ordinary-api","220","GET","/api/v1/incidents?page=1&size=50","200","13.185","g5-22b7c04e-a0a5-4696-9ec6-2747e75f2b48"
"PE-07-ordinary-api","221","GET","/api/v1/incidents?page=1&size=50","200","13.307","g5-1298d669-cf91-499d-b6ec-d93a796f0568"
"PE-07-ordinary-api","222","GET","/api/v1/incidents?page=1&size=50","200","13.394","g5-68cf6e46-b469-4341-a678-3d3296255ff6"
"PE-07-ordinary-api","223","GET","/api/v1/incidents?page=1&size=50","200","13.447","g5-e76c91c1-3685-4c94-816e-10124e2c7c64"
"PE-07-ordinary-api","224","GET","/api/v1/incidents?page=1&size=50","200","13.525","g5-641db906-6790-4511-b892-2fe0e7e08fc6"
"PE-07-ordinary-api","225","GET","/api/v1/incidents?page=1&size=50","200","13.578","g5-05c0f9a5-a59e-4f67-afb2-104da2cf3d7f"
"PE-07-ordinary-api","226","GET","/api/v1/incidents?page=1&size=50","200","13.684","g5-0546f938-45f2-4a9d-b2fc-1b74f15feb6a"
"PE-07-ordinary-api","227","GET","/api/v1/incidents?page=1&size=50","200","13.741","g5-0ec1587a-0831-4824-957d-b8bc2efdb319"
"PE-07-ordinary-api","228","GET","/api/v1/incidents?page=1&size=50","200","13.767","g5-0d2115bf-1daa-4744-b0bc-5d29fd163aa6"
"PE-07-ordinary-api","229","GET","/api/v1/incidents?page=1&size=50","200","13.788","g5-f55c1fb8-0c0f-4728-9cc0-92974c7f4d47"
"PE-07-ordinary-api","230","GET","/api/v1/incidents?page=1&size=50","200","13.792","g5-3bed163e-36e5-4dc8-a752-4900251c7860"
"PE-07-ordinary-api","231","GET","/api/v1/incidents?page=1&size=50","200","13.824","g5-0c348e07-4859-48c6-b2ca-546e95ae8f81"
"PE-07-ordinary-api","232","GET","/api/v1/incidents?page=1&size=50","200","13.86","g5-8197b4c3-60fe-4795-bc08-1797c32103f8"
"PE-07-ordinary-api","233","GET","/api/v1/incidents?page=1&size=50","200","13.902","g5-d6b0eef0-f413-4f65-bd5b-a04614dc90c7"
"PE-07-ordinary-api","234","GET","/api/v1/incidents?page=1&size=50","200","13.926","g5-509079da-0d74-46aa-9090-b818bc17a92e"
"PE-07-ordinary-api","235","GET","/api/v1/incidents?page=1&size=50","200","13.964","g5-baa1b634-3255-41a0-912b-2be2caadf38f"
"PE-07-ordinary-api","236","GET","/api/v1/incidents?page=1&size=50","200","14.53","g5-2e217a66-2e3f-478f-84fb-d9f5a1fcf82a"
"PE-07-ordinary-api","237","GET","/api/v1/incidents?page=1&size=50","200","14.547","g5-823bf9c4-fe7c-40f2-9f18-ea81f6cdfdb2"
"PE-07-ordinary-api","238","GET","/api/v1/incidents?page=1&size=50","200","14.551","g5-4eb0b569-56e7-4e19-aa9f-e6ea63d9d899"
"PE-07-ordinary-api","239","GET","/api/v1/incidents?page=1&size=50","200","14.587","g5-4eb3b450-b64a-48dd-8769-7704932c1d8a"
"PE-07-ordinary-api","240","GET","/api/v1/incidents?page=1&size=50","200","14.637","g5-030533f8-9f34-45f5-858b-a044f2014f1f"
"PE-07-ordinary-api","241","GET","/api/v1/incidents?page=1&size=50","200","14.699","g5-16820301-baf4-4394-9b6c-e4d090b051ed"
"PE-07-ordinary-api","242","GET","/api/v1/incidents?page=1&size=50","200","14.77","g5-af703f33-22b5-4840-b499-e7576ae5455e"
"PE-07-ordinary-api","243","GET","/api/v1/incidents?page=1&size=50","200","15.023","g5-c55172b2-fe62-4f66-8ee1-66907ba36cc0"
"PE-07-ordinary-api","244","GET","/api/v1/incidents?page=1&size=50","200","15.772","g5-2ec647e0-624c-4ba7-b0e5-1bb36284a566"
"PE-07-ordinary-api","245","GET","/api/v1/incidents?page=1&size=50","200","15.795","g5-b4028f8b-8d74-4f64-86ab-e0608d61a050"
"PE-07-ordinary-api","246","GET","/api/v1/incidents?page=1&size=50","200","15.819","g5-ede68529-066b-4a60-8768-ca01345b232b"
"PE-07-ordinary-api","247","GET","/api/v1/incidents?page=1&size=50","200","15.83","g5-e24bd558-ec56-4141-ad55-bd878422cb40"
"PE-07-ordinary-api","248","GET","/api/v1/incidents?page=1&size=50","200","15.835","g5-952f2728-87f4-4aec-a18d-770b85fe1de4"
"PE-07-ordinary-api","249","GET","/api/v1/incidents?page=1&size=50","200","15.828","g5-eec248a8-25f7-49c9-888c-e60c5c869b9f"
"PE-07-ordinary-api","250","GET","/api/v1/incidents?page=1&size=50","200","15.825","g5-e44cb4da-99d1-4440-9bf8-2fa71acbabf9"
"PE-07-ordinary-api","251","GET","/api/v1/incidents?page=1&size=50","200","12.439","g5-93baa9c7-c03c-4f67-808c-681e060b10ba"
"PE-07-ordinary-api","252","GET","/api/v1/incidents?page=1&size=50","200","12.346","g5-9acaa2af-8c11-4da9-a8d3-b9da0cceda00"
"PE-07-ordinary-api","253","GET","/api/v1/incidents?page=1&size=50","200","12.372","g5-21ec68d7-6ed1-4622-8d0e-d49e68679fd4"
"PE-07-ordinary-api","254","GET","/api/v1/incidents?page=1&size=50","200","12.409","g5-7b88d805-9707-4c3e-ad03-598262060f1c"
"PE-07-ordinary-api","255","GET","/api/v1/incidents?page=1&size=50","200","12.397","g5-d8e72506-b766-4147-9bc7-bdfb188e9e8e"
"PE-07-ordinary-api","256","GET","/api/v1/incidents?page=1&size=50","200","12.385","g5-1051e958-c2aa-48dd-8639-d05b3158094a"
"PE-07-ordinary-api","257","GET","/api/v1/incidents?page=1&size=50","200","12.389","g5-782eb1d9-fb20-4e73-bef7-eb9af5875af4"
"PE-07-ordinary-api","258","GET","/api/v1/incidents?page=1&size=50","200","12.403","g5-58b0645c-7449-4dd3-8c05-1551ea61ece0"
"PE-07-ordinary-api","259","GET","/api/v1/incidents?page=1&size=50","200","12.421","g5-7b7ebdbb-9093-4793-ab82-138bb0290a06"
"PE-07-ordinary-api","260","GET","/api/v1/incidents?page=1&size=50","200","12.408","g5-185ff81e-2c29-489d-93e9-773595841221"
"PE-07-ordinary-api","261","GET","/api/v1/incidents?page=1&size=50","200","12.445","g5-6133938f-c71a-4ee8-bd28-bb47c2bb2d45"
"PE-07-ordinary-api","262","GET","/api/v1/incidents?page=1&size=50","200","12.482","g5-09ee3c55-c627-45ea-81e2-cefccda979f6"
"PE-07-ordinary-api","263","GET","/api/v1/incidents?page=1&size=50","200","12.512","g5-c617906b-f1a4-425a-9fab-798c02655fb8"
"PE-07-ordinary-api","264","GET","/api/v1/incidents?page=1&size=50","200","12.534","g5-3f98d6b0-a264-4612-9f41-74029a645164"
"PE-07-ordinary-api","265","GET","/api/v1/incidents?page=1&size=50","200","12.551","g5-4942ffab-4cdf-4363-b925-0129a202ea88"
"PE-07-ordinary-api","266","GET","/api/v1/incidents?page=1&size=50","200","12.563","g5-15113867-23c9-4464-babe-4314de730426"
"PE-07-ordinary-api","267","GET","/api/v1/incidents?page=1&size=50","200","12.564","g5-fe0e23c4-c474-453b-a3e8-df139060fef4"
"PE-07-ordinary-api","268","GET","/api/v1/incidents?page=1&size=50","200","12.562","g5-c69227a5-2cdb-4ebc-b495-3daefe063ff0"
"PE-07-ordinary-api","269","GET","/api/v1/incidents?page=1&size=50","200","12.587","g5-1fd5504e-1811-43db-9d42-c977f398a576"
"PE-07-ordinary-api","270","GET","/api/v1/incidents?page=1&size=50","200","12.628","g5-f66b78d4-ec17-420a-88ae-37488a5ee539"
"PE-07-ordinary-api","271","GET","/api/v1/incidents?page=1&size=50","200","12.662","g5-6084d37e-e6c7-4217-9258-cba8baf62f4c"
"PE-07-ordinary-api","272","GET","/api/v1/incidents?page=1&size=50","200","12.679","g5-10b39cb9-f24a-4555-bad6-bf096cb4825d"
"PE-07-ordinary-api","273","GET","/api/v1/incidents?page=1&size=50","200","12.68","g5-d3869df6-b54c-4abe-8d4e-9d9e09200931"
"PE-07-ordinary-api","274","GET","/api/v1/incidents?page=1&size=50","200","12.693","g5-7e424b01-c630-419c-be56-31a1260cf5e6"
"PE-07-ordinary-api","275","GET","/api/v1/incidents?page=1&size=50","200","12.714","g5-9b2a64b4-8ba2-4180-af8b-6f2b58885d4f"
"PE-07-ordinary-api","276","GET","/api/v1/incidents?page=1&size=50","200","12.733","g5-5a7f5911-4c62-4b5c-8f7c-2ef188abc212"
"PE-07-ordinary-api","277","GET","/api/v1/incidents?page=1&size=50","200","12.761","g5-bc1be356-cca3-464e-b472-c08fb8541ce4"
"PE-07-ordinary-api","278","GET","/api/v1/incidents?page=1&size=50","200","12.801","g5-bdb248be-049f-498a-94cb-0369bee08069"
"PE-07-ordinary-api","279","GET","/api/v1/incidents?page=1&size=50","200","12.878","g5-df11b2d9-ac03-4c20-acd7-707428fd669a"
"PE-07-ordinary-api","280","GET","/api/v1/incidents?page=1&size=50","200","12.911","g5-4243cda6-29b4-4015-b403-2d335f4a4692"
"PE-07-ordinary-api","281","GET","/api/v1/incidents?page=1&size=50","200","12.923","g5-5a6ae225-55af-4e7d-8388-cafadb7afe6f"
"PE-07-ordinary-api","282","GET","/api/v1/incidents?page=1&size=50","200","12.887","g5-abd0db4a-7ae0-4283-98b7-8115493ee510"
"PE-07-ordinary-api","283","GET","/api/v1/incidents?page=1&size=50","200","12.903","g5-02a92708-4d9c-4d33-a039-ff38b8fcb820"
"PE-07-ordinary-api","284","GET","/api/v1/incidents?page=1&size=50","200","12.923","g5-768d6af1-758a-4304-9915-d16f6f4f1d10"
"PE-07-ordinary-api","285","GET","/api/v1/incidents?page=1&size=50","200","12.95","g5-1489ae30-dc24-46f3-b380-3f210752f1cb"
"PE-07-ordinary-api","286","GET","/api/v1/incidents?page=1&size=50","200","12.984","g5-2f8a1364-e8b3-4bb8-a1c4-1d9f06c62f70"
"PE-07-ordinary-api","287","GET","/api/v1/incidents?page=1&size=50","200","13.054","g5-482a6c5b-743d-40c6-85e5-b96a0e7b49f7"
"PE-07-ordinary-api","288","GET","/api/v1/incidents?page=1&size=50","200","13.075","g5-479110f2-e686-410d-ba2c-0bdb1e466087"
"PE-07-ordinary-api","289","GET","/api/v1/incidents?page=1&size=50","200","13.108","g5-cee40f5d-cc4e-4491-a644-08828cf5efb0"
"PE-07-ordinary-api","290","GET","/api/v1/incidents?page=1&size=50","200","13.124","g5-5b82f2fa-3cb2-43a9-9fa8-6a093ab4ccb1"
"PE-07-ordinary-api","291","GET","/api/v1/incidents?page=1&size=50","200","13.149","g5-529d2176-395d-4460-bfba-1edd0e29546d"
"PE-07-ordinary-api","292","GET","/api/v1/incidents?page=1&size=50","200","13.161","g5-49603e9e-98e0-4df2-bd20-b07c141ff2ad"
"PE-07-ordinary-api","293","GET","/api/v1/incidents?page=1&size=50","200","13.178","g5-2d24a791-23d1-4ee2-a3d8-6528be435a42"
"PE-07-ordinary-api","294","GET","/api/v1/incidents?page=1&size=50","200","13.197","g5-73179815-b3d4-4a53-a84e-362259c1158b"
"PE-07-ordinary-api","295","GET","/api/v1/incidents?page=1&size=50","200","13.239","g5-0f82a660-6d09-408d-a280-665581a50f6f"
"PE-07-ordinary-api","296","GET","/api/v1/incidents?page=1&size=50","200","13.258","g5-77bc88a9-388c-495e-84c3-b27f34164970"
"PE-07-ordinary-api","297","GET","/api/v1/incidents?page=1&size=50","200","13.29","g5-fc73f84d-8b6e-4558-9deb-36576a186bb4"
"PE-07-ordinary-api","298","GET","/api/v1/incidents?page=1&size=50","200","13.312","g5-f728f295-c558-4698-a216-0cd18a49e708"
"PE-07-ordinary-api","299","GET","/api/v1/incidents?page=1&size=50","200","13.343","g5-74b933ce-2be8-490e-9cfa-1141ba471db8"
"PE-07-ordinary-api","300","GET","/api/v1/incidents?page=1&size=50","200","13.397","g5-b9ce2eae-62cb-444b-b950-951c72e9d883"
"PE-07-ordinary-api","301","GET","/api/v1/incidents?page=1&size=50","200","13.354","g5-234b030b-7ad3-43e8-9056-b782bde5ac73"
"PE-07-ordinary-api","302","GET","/api/v1/incidents?page=1&size=50","200","13.341","g5-002dee5e-6b15-4fe5-8451-366fef879096"
"PE-07-ordinary-api","303","GET","/api/v1/incidents?page=1&size=50","200","13.346","g5-d7d36835-64ac-4831-bb23-c98c240ebf95"
"PE-07-ordinary-api","304","GET","/api/v1/incidents?page=1&size=50","200","13.35","g5-79b3182a-7045-4e54-8333-11e1a03970a8"
"PE-07-ordinary-api","305","GET","/api/v1/incidents?page=1&size=50","200","13.356","g5-18bcb22d-a780-4dfc-b066-63bb8ff333c2"
"PE-07-ordinary-api","306","GET","/api/v1/incidents?page=1&size=50","200","13.382","g5-16b9197d-28d0-4191-af9c-de276812f144"
"PE-07-ordinary-api","307","GET","/api/v1/incidents?page=1&size=50","200","13.425","g5-1d213b37-e0d1-425b-8dd2-24f6c11ebfa9"
"PE-07-ordinary-api","308","GET","/api/v1/incidents?page=1&size=50","200","13.46","g5-005ddc75-96e3-46a8-8ad1-382a7375532b"
"PE-07-ordinary-api","309","GET","/api/v1/incidents?page=1&size=50","200","13.482","g5-8ec1b622-0b26-4d81-acdf-49c4be7bfeca"
"PE-07-ordinary-api","310","GET","/api/v1/incidents?page=1&size=50","200","13.495","g5-b4216f67-3daa-4126-a5ba-7e3844d279aa"
"PE-07-ordinary-api","311","GET","/api/v1/incidents?page=1&size=50","200","13.509","g5-a1ab1fe7-f0b8-44ae-bc0b-ee978a711bb5"
"PE-07-ordinary-api","312","GET","/api/v1/incidents?page=1&size=50","200","13.529","g5-f2a5468e-cc01-4991-85d1-ffac7edd6ff3"
"PE-07-ordinary-api","313","GET","/api/v1/incidents?page=1&size=50","200","13.554","g5-aad3ea64-3797-467f-8f7c-2dbd1a162e62"
"PE-07-ordinary-api","314","GET","/api/v1/incidents?page=1&size=50","200","13.565","g5-15aaa276-8bfd-428b-9e5e-85c0d6ffa2aa"
"PE-07-ordinary-api","315","GET","/api/v1/incidents?page=1&size=50","200","13.569","g5-e1fcc536-8c7e-4c2f-9528-9f127a94476f"
"PE-07-ordinary-api","316","GET","/api/v1/incidents?page=1&size=50","200","13.607","g5-91f921d0-708a-4b7c-8ff2-d3d34872c66e"
"PE-07-ordinary-api","317","GET","/api/v1/incidents?page=1&size=50","200","13.621","g5-3dd7b04f-b257-4ad5-be10-1afc6cc5fe15"
"PE-07-ordinary-api","318","GET","/api/v1/incidents?page=1&size=50","200","13.644","g5-51c9b985-9239-42b2-8e16-9bc9edb24610"
"PE-07-ordinary-api","319","GET","/api/v1/incidents?page=1&size=50","200","13.637","g5-7abb7d9f-0352-47a1-85fa-d8d1afdcd50c"
"PE-07-ordinary-api","320","GET","/api/v1/incidents?page=1&size=50","200","13.653","g5-5b953ef1-3411-474a-b7a3-67006aa51341"
"PE-07-ordinary-api","321","GET","/api/v1/incidents?page=1&size=50","200","13.674","g5-06eb205d-0fb4-4dcd-8086-afec81aa5d2e"
"PE-07-ordinary-api","322","GET","/api/v1/incidents?page=1&size=50","200","13.687","g5-1c67e9ba-101f-4656-ac8e-ec0fbb6a963d"
"PE-07-ordinary-api","323","GET","/api/v1/incidents?page=1&size=50","200","13.696","g5-5ff96612-e333-453f-bcca-38693e2172a7"
"PE-07-ordinary-api","324","GET","/api/v1/incidents?page=1&size=50","200","13.71","g5-21975057-3c82-49bc-bdf9-9d16baf88185"
"PE-07-ordinary-api","325","GET","/api/v1/incidents?page=1&size=50","200","13.718","g5-4d746ca9-eb32-4269-81f7-0fc0ebab6e48"
"PE-07-ordinary-api","326","GET","/api/v1/incidents?page=1&size=50","200","13.726","g5-c7de9d7c-aa4f-4ab8-92ba-639779cad146"
"PE-07-ordinary-api","327","GET","/api/v1/incidents?page=1&size=50","200","13.728","g5-c6299dc5-5dd7-4c61-a3cb-f949e2d6b820"
"PE-07-ordinary-api","328","GET","/api/v1/incidents?page=1&size=50","200","13.747","g5-8905b850-e52b-4b6b-906c-9ada347602f5"
"PE-07-ordinary-api","329","GET","/api/v1/incidents?page=1&size=50","200","13.772","g5-0f5f982c-d06d-4844-bf47-f2ee72592615"
"PE-07-ordinary-api","330","GET","/api/v1/incidents?page=1&size=50","200","13.796","g5-317fa368-84e1-4a72-b6ed-b21614e8266f"
"PE-07-ordinary-api","331","GET","/api/v1/incidents?page=1&size=50","200","13.795","g5-f18836d7-7386-4ca9-b012-63c3753e2869"
"PE-07-ordinary-api","332","GET","/api/v1/incidents?page=1&size=50","200","13.803","g5-d96593c3-f27e-4049-b194-6a3c40b7098e"
"PE-07-ordinary-api","333","GET","/api/v1/incidents?page=1&size=50","200","13.837","g5-ddc00b4e-b33d-48de-ae76-217e945c0c4c"
"PE-07-ordinary-api","334","GET","/api/v1/incidents?page=1&size=50","200","14.033","g5-0e4e66ce-ad31-4ff7-83ab-9dbcc08965df"
"PE-07-ordinary-api","335","GET","/api/v1/incidents?page=1&size=50","200","14.071","g5-c2f50a6d-955f-4b68-9f10-e3ede7c1f9f4"
"PE-07-ordinary-api","336","GET","/api/v1/incidents?page=1&size=50","200","14.022","g5-686592d7-5c78-4ad0-a9a6-1886d173abb9"
"PE-07-ordinary-api","337","GET","/api/v1/incidents?page=1&size=50","200","14.012","g5-78417244-e55d-4848-b991-339a2ee4eff1"
"PE-07-ordinary-api","338","GET","/api/v1/incidents?page=1&size=50","200","14.021","g5-8f93b5fd-c380-4457-8031-31043f8b5cb2"
"PE-07-ordinary-api","339","GET","/api/v1/incidents?page=1&size=50","200","14.053","g5-1ab74394-c86a-4424-89b4-6b62ed457a54"
"PE-07-ordinary-api","340","GET","/api/v1/incidents?page=1&size=50","200","14.06","g5-cfe4b72a-6a65-4151-a9a2-ef4cafc6101c"
"PE-07-ordinary-api","341","GET","/api/v1/incidents?page=1&size=50","200","14.075","g5-d55ace00-fb16-47fe-857d-7122c328c18b"
"PE-07-ordinary-api","342","GET","/api/v1/incidents?page=1&size=50","200","14.185","g5-fac9e6f0-81a8-417e-a834-95dcdfde202e"
"PE-07-ordinary-api","343","GET","/api/v1/incidents?page=1&size=50","200","14.206","g5-007d88e2-54d8-4094-9d0a-01ae5707ff58"
"PE-07-ordinary-api","344","GET","/api/v1/incidents?page=1&size=50","200","14.239","g5-01d38187-b686-4493-99be-f13f419b202d"
"PE-07-ordinary-api","345","GET","/api/v1/incidents?page=1&size=50","200","14.274","g5-aea3b540-a6bc-42da-88c7-fa3c21500b6d"
"PE-07-ordinary-api","346","GET","/api/v1/incidents?page=1&size=50","200","14.266","g5-3e0b726e-9d83-405f-a417-e62002b96b8b"
"PE-07-ordinary-api","347","GET","/api/v1/incidents?page=1&size=50","200","14.286","g5-ace10561-1ca8-4dca-99cf-30d36d289fb6"
"PE-07-ordinary-api","348","GET","/api/v1/incidents?page=1&size=50","200","14.303","g5-bcc67e09-40eb-4188-80e9-47cdcdf07970"
"PE-07-ordinary-api","349","GET","/api/v1/incidents?page=1&size=50","200","14.325","g5-b0df5bd5-ca33-4908-9729-7d7b8899f7db"
"PE-07-ordinary-api","350","GET","/api/v1/incidents?page=1&size=50","200","14.349","g5-e251a82e-71a0-4650-9cd4-03165155486b"
"PE-07-ordinary-api","351","GET","/api/v1/incidents?page=1&size=50","200","12.041","g5-699a7d60-79ce-4a03-baf4-dfd5a7838ab9"
"PE-07-ordinary-api","352","GET","/api/v1/incidents?page=1&size=50","200","11.999","g5-90352e18-8d6b-43e1-be3c-e49486e494a5"
"PE-07-ordinary-api","353","GET","/api/v1/incidents?page=1&size=50","200","12.002","g5-eb6414c9-4ce5-40eb-a3f2-c7ded721bec7"
"PE-07-ordinary-api","354","GET","/api/v1/incidents?page=1&size=50","200","12.007","g5-15453f7e-7a04-4387-84fe-ce3ffd4838ca"
"PE-07-ordinary-api","355","GET","/api/v1/incidents?page=1&size=50","200","11.996","g5-0ed3181c-3a40-4d1b-b6d6-fc72d4b7da16"
"PE-07-ordinary-api","356","GET","/api/v1/incidents?page=1&size=50","200","12.007","g5-d9771714-2577-43f4-b80c-587c342c8a76"
"PE-07-ordinary-api","357","GET","/api/v1/incidents?page=1&size=50","200","12.035","g5-33a1570c-76af-4a71-8b66-ea01081ed85b"
"PE-07-ordinary-api","358","GET","/api/v1/incidents?page=1&size=50","200","12.072","g5-54c21b6b-ed73-44d4-b4ac-9529c64f69e8"
"PE-07-ordinary-api","359","GET","/api/v1/incidents?page=1&size=50","200","12.111","g5-93ef9b42-ce41-4c5a-9a0e-9871cf68a37a"
"PE-07-ordinary-api","360","GET","/api/v1/incidents?page=1&size=50","200","12.132","g5-774f935c-1049-404a-a660-2d32c05aa388"
"PE-07-ordinary-api","361","GET","/api/v1/incidents?page=1&size=50","200","12.151","g5-5899c284-7b3a-4a24-a0f3-c94265d056d4"
"PE-07-ordinary-api","362","GET","/api/v1/incidents?page=1&size=50","200","12.18","g5-1830eb9b-9c24-492c-b2a7-55f8619d1f76"
"PE-07-ordinary-api","363","GET","/api/v1/incidents?page=1&size=50","200","12.203","g5-d880cda5-9711-4ce8-9667-d03ac491382b"
"PE-07-ordinary-api","364","GET","/api/v1/incidents?page=1&size=50","200","12.238","g5-1cb3c55c-31cd-4d2e-93a1-a1e93a667a87"
"PE-07-ordinary-api","365","GET","/api/v1/incidents?page=1&size=50","200","12.226","g5-27bfa376-0279-46eb-8053-130bd92a1059"
"PE-07-ordinary-api","366","GET","/api/v1/incidents?page=1&size=50","200","12.24","g5-04e3a72a-7413-44a2-b38c-3c80eea6b41a"
"PE-07-ordinary-api","367","GET","/api/v1/incidents?page=1&size=50","200","12.267","g5-e7d41214-a733-433d-a577-c437617f9683"
"PE-07-ordinary-api","368","GET","/api/v1/incidents?page=1&size=50","200","12.311","g5-00c8f9e4-2476-4929-bb37-cfea887d3042"
"PE-07-ordinary-api","369","GET","/api/v1/incidents?page=1&size=50","200","12.331","g5-699a61e2-35a3-42fc-9972-e54832db1ca7"
"PE-07-ordinary-api","370","GET","/api/v1/incidents?page=1&size=50","200","12.353","g5-b7825bb8-665c-4628-98b9-2176461e4f41"
"PE-07-ordinary-api","371","GET","/api/v1/incidents?page=1&size=50","200","12.377","g5-7ccb3905-12f1-43df-bc5a-9bd3f1cdac03"
"PE-07-ordinary-api","372","GET","/api/v1/incidents?page=1&size=50","200","12.407","g5-ae83ff95-4976-45a7-abe5-f1eadda6cc4d"
"PE-07-ordinary-api","373","GET","/api/v1/incidents?page=1&size=50","200","12.458","g5-18486ff6-8827-4360-9a85-b9eea3b2baf1"
"PE-07-ordinary-api","374","GET","/api/v1/incidents?page=1&size=50","200","12.484","g5-24f75027-0e51-4e30-9be6-01bd3e628290"
"PE-07-ordinary-api","375","GET","/api/v1/incidents?page=1&size=50","200","12.504","g5-b9af1246-8ba8-49b5-ae6f-b1b22bea29f4"
"PE-07-ordinary-api","376","GET","/api/v1/incidents?page=1&size=50","200","12.575","g5-b44f6e6e-4364-4dce-b0c2-3cfb46e710bf"
"PE-07-ordinary-api","377","GET","/api/v1/incidents?page=1&size=50","200","12.64","g5-7c353132-5696-4af8-96c0-b2000af7ec5b"
"PE-07-ordinary-api","378","GET","/api/v1/incidents?page=1&size=50","200","12.652","g5-e80c96bc-141e-4203-803c-2ebb479d1777"
"PE-07-ordinary-api","379","GET","/api/v1/incidents?page=1&size=50","200","12.671","g5-9143221c-f14b-4038-95e9-ceec459c4967"
"PE-07-ordinary-api","380","GET","/api/v1/incidents?page=1&size=50","200","12.703","g5-c48440dc-8e15-4e64-9dd6-2a209de15002"
"PE-07-ordinary-api","381","GET","/api/v1/incidents?page=1&size=50","200","12.703","g5-f69fe15c-e1e7-4224-bdc8-92c4fb030b51"
"PE-07-ordinary-api","382","GET","/api/v1/incidents?page=1&size=50","200","12.742","g5-4becca21-1e37-4722-b750-70c8e8bf2201"
"PE-07-ordinary-api","383","GET","/api/v1/incidents?page=1&size=50","200","12.731","g5-9a947855-1574-4093-9de7-69e1d15ed8d9"
"PE-07-ordinary-api","384","GET","/api/v1/incidents?page=1&size=50","200","12.771","g5-8bc98836-b2ef-46a4-8d0f-9b8bbce31e46"
"PE-07-ordinary-api","385","GET","/api/v1/incidents?page=1&size=50","200","12.742","g5-c0b00135-d5a1-4293-8148-2030bddfe01d"
"PE-07-ordinary-api","386","GET","/api/v1/incidents?page=1&size=50","200","12.755","g5-9be959be-1986-480b-8527-913cdadc3c47"
"PE-07-ordinary-api","387","GET","/api/v1/incidents?page=1&size=50","200","12.785","g5-62442723-2f95-443c-98da-22e8f822997a"
"PE-07-ordinary-api","388","GET","/api/v1/incidents?page=1&size=50","200","12.77","g5-0830f54a-3c42-4c9e-8563-2bad8c2fac4b"
"PE-07-ordinary-api","389","GET","/api/v1/incidents?page=1&size=50","200","12.769","g5-d6cae0ed-e895-4d14-9b6c-724727d6a350"
"PE-07-ordinary-api","390","GET","/api/v1/incidents?page=1&size=50","200","12.76","g5-417009ad-2255-46cc-98cd-d5d2fd41a8b1"
"PE-07-ordinary-api","391","GET","/api/v1/incidents?page=1&size=50","200","12.783","g5-702c8577-4ee7-4511-a9b4-831519553b7a"
"PE-07-ordinary-api","392","GET","/api/v1/incidents?page=1&size=50","200","12.757","g5-71c98dca-b34b-4b22-abfc-862059936620"
"PE-07-ordinary-api","393","GET","/api/v1/incidents?page=1&size=50","200","12.75","g5-e763914d-e9cb-41dc-b565-e0c2ff07f095"
"PE-07-ordinary-api","394","GET","/api/v1/incidents?page=1&size=50","200","12.752","g5-0aa01ec3-2100-45b7-afc0-7033116d5a53"
"PE-07-ordinary-api","395","GET","/api/v1/incidents?page=1&size=50","200","12.719","g5-e80cdf53-21d2-441b-8de2-9e0f1195bdfa"
"PE-07-ordinary-api","396","GET","/api/v1/incidents?page=1&size=50","200","12.734","g5-81ffbbd7-18fd-4579-b741-c74da886c09c"
"PE-07-ordinary-api","397","GET","/api/v1/incidents?page=1&size=50","200","12.749","g5-f6171adb-7d9b-4e3b-8f92-09cfffb2c350"
"PE-07-ordinary-api","398","GET","/api/v1/incidents?page=1&size=50","200","12.764","g5-31b441b2-83a9-46c0-8c82-113d73217705"
"PE-07-ordinary-api","399","GET","/api/v1/incidents?page=1&size=50","200","12.778","g5-6bef3009-638c-4490-959a-7d6f48943b04"
"PE-07-ordinary-api","400","GET","/api/v1/incidents?page=1&size=50","200","12.808","g5-491e0a71-b9a5-4f5c-a316-116c6437f9e2"
"PE-07-ordinary-api","401","GET","/api/v1/incidents?page=1&size=50","200","13.136","g5-32a95f12-ff1c-4174-b4f6-5c74eff9b193"
"PE-07-ordinary-api","402","GET","/api/v1/incidents?page=1&size=50","200","13.219","g5-d635a943-e5ad-4cc9-93f4-734245f7e3eb"
"PE-07-ordinary-api","403","GET","/api/v1/incidents?page=1&size=50","200","13.316","g5-720a7e63-775e-4a1f-8cdc-346999eab432"
"PE-07-ordinary-api","404","GET","/api/v1/incidents?page=1&size=50","200","13.363","g5-ce99e290-e8e3-4131-b2bc-87973a85f9ee"
"PE-07-ordinary-api","405","GET","/api/v1/incidents?page=1&size=50","200","13.45","g5-6f12341d-af4c-417c-8431-74943b93f16e"
"PE-07-ordinary-api","406","GET","/api/v1/incidents?page=1&size=50","200","13.478","g5-9f27c9db-2d88-4e43-b0a4-3ccdc96a2fe5"
"PE-07-ordinary-api","407","GET","/api/v1/incidents?page=1&size=50","200","13.505","g5-ef9346ec-ffae-4f29-a844-c3444aa9a5b0"
"PE-07-ordinary-api","408","GET","/api/v1/incidents?page=1&size=50","200","13.538","g5-2dc9164b-b042-4414-86f7-2e4bb979b57c"
"PE-07-ordinary-api","409","GET","/api/v1/incidents?page=1&size=50","200","13.616","g5-2b339270-241c-4350-aa79-145316820d87"
"PE-07-ordinary-api","410","GET","/api/v1/incidents?page=1&size=50","200","13.668","g5-142b2db7-0641-4b1a-8e4d-2a28aa56f6d9"
"PE-07-ordinary-api","411","GET","/api/v1/incidents?page=1&size=50","200","13.706","g5-9ba3bf5f-b079-4913-9262-434a0de49f7b"
"PE-07-ordinary-api","412","GET","/api/v1/incidents?page=1&size=50","200","13.778","g5-75fba13d-f456-4a79-912a-49c29e10db37"
"PE-07-ordinary-api","413","GET","/api/v1/incidents?page=1&size=50","200","13.805","g5-fb3fff1d-7f40-4d86-96cd-65b82539a731"
"PE-07-ordinary-api","414","GET","/api/v1/incidents?page=1&size=50","200","13.828","g5-e1b6a6ad-fa06-4d2d-ab9a-94c5868ba576"
"PE-07-ordinary-api","415","GET","/api/v1/incidents?page=1&size=50","200","13.848","g5-1370676c-0040-4b99-8d01-51b796d3013d"
"PE-07-ordinary-api","416","GET","/api/v1/incidents?page=1&size=50","200","13.872","g5-042abdf5-6abe-4997-990c-b18550d4cfc3"
"PE-07-ordinary-api","417","GET","/api/v1/incidents?page=1&size=50","200","13.892","g5-77e25cb1-c434-4d19-a1c7-236a0391ccc2"
"PE-07-ordinary-api","418","GET","/api/v1/incidents?page=1&size=50","200","13.913","g5-69a5436a-c766-4517-9508-43db904f37b6"
"PE-07-ordinary-api","419","GET","/api/v1/incidents?page=1&size=50","200","13.931","g5-fcf9f8be-636d-4ce0-9f77-31bb0b65a3f1"
"PE-07-ordinary-api","420","GET","/api/v1/incidents?page=1&size=50","200","13.95","g5-5ad4ca05-0bb0-404c-9a1f-5633e1d4c5ca"
"PE-07-ordinary-api","421","GET","/api/v1/incidents?page=1&size=50","200","13.972","g5-01a62014-4581-4699-862a-af518ef6bef6"
"PE-07-ordinary-api","422","GET","/api/v1/incidents?page=1&size=50","200","13.994","g5-366fbee3-2405-4449-9778-f8fd8f606c97"
"PE-07-ordinary-api","423","GET","/api/v1/incidents?page=1&size=50","200","13.987","g5-8fcdae8b-823d-4f1e-9699-8da204e563ab"
"PE-07-ordinary-api","424","GET","/api/v1/incidents?page=1&size=50","200","14.002","g5-08a585f4-1da9-4f54-92b6-f3906095a08a"
"PE-07-ordinary-api","425","GET","/api/v1/incidents?page=1&size=50","200","14.023","g5-50c39e5a-cbef-4f96-b86d-f1572da6cbf9"
"PE-07-ordinary-api","426","GET","/api/v1/incidents?page=1&size=50","200","14.038","g5-9750fc82-956e-4d8c-8aa2-9ecabfcaeb51"
"PE-07-ordinary-api","427","GET","/api/v1/incidents?page=1&size=50","200","14.053","g5-4dc8254f-ae55-428b-85d1-589c1cddcd33"
"PE-07-ordinary-api","428","GET","/api/v1/incidents?page=1&size=50","200","14.067","g5-7ab2ecb8-83fc-4133-ae62-9ed82d015e79"
"PE-07-ordinary-api","429","GET","/api/v1/incidents?page=1&size=50","200","14.066","g5-3ee415ae-914b-4aec-bda3-ad2833a2d305"
"PE-07-ordinary-api","430","GET","/api/v1/incidents?page=1&size=50","200","14.077","g5-8063e500-8ea8-4bd9-bda3-a2415f022580"
"PE-07-ordinary-api","431","GET","/api/v1/incidents?page=1&size=50","200","14.087","g5-c00f0f28-8baa-4f4d-b49d-fb778485eeaf"
"PE-07-ordinary-api","432","GET","/api/v1/incidents?page=1&size=50","200","14.101","g5-b9fa24ea-a570-4a79-bfcc-c62a3454224e"
"PE-07-ordinary-api","433","GET","/api/v1/incidents?page=1&size=50","200","14.121","g5-dc135832-fea3-4180-a1c5-e4b7653005b0"
"PE-07-ordinary-api","434","GET","/api/v1/incidents?page=1&size=50","200","14.138","g5-2f8a7e0b-afe2-4c18-a157-8cb6faa82f00"
"PE-07-ordinary-api","435","GET","/api/v1/incidents?page=1&size=50","200","14.155","g5-0716a40e-f87c-458f-b6e6-78ca65b0dfb6"
"PE-07-ordinary-api","436","GET","/api/v1/incidents?page=1&size=50","200","14.171","g5-05f49917-ef7c-4a9f-b542-02d067afc66d"
"PE-07-ordinary-api","437","GET","/api/v1/incidents?page=1&size=50","200","14.188","g5-e0f471b0-9df1-4431-8b41-a2cb309e6904"
"PE-07-ordinary-api","438","GET","/api/v1/incidents?page=1&size=50","200","14.2","g5-3966605d-3d90-4dd3-984e-9f40a618b501"
"PE-07-ordinary-api","439","GET","/api/v1/incidents?page=1&size=50","200","14.214","g5-71e34637-e8ec-4f3d-bf70-63dad1081a5a"
"PE-07-ordinary-api","440","GET","/api/v1/incidents?page=1&size=50","200","14.23","g5-b4424f4c-e1a3-4a00-b6d3-6d113d514909"
"PE-07-ordinary-api","441","GET","/api/v1/incidents?page=1&size=50","200","14.235","g5-fe1b0bfc-d878-4af7-8c45-585cabbf94f1"
"PE-07-ordinary-api","442","GET","/api/v1/incidents?page=1&size=50","200","14.25","g5-68221a5d-88d8-4e4e-8b1e-d50315a1886c"
"PE-07-ordinary-api","443","GET","/api/v1/incidents?page=1&size=50","200","14.266","g5-ca7c09b1-f910-4135-99e4-ee84a94c1d65"
"PE-07-ordinary-api","444","GET","/api/v1/incidents?page=1&size=50","200","14.325","g5-47986649-22fb-44bf-8b96-54c8b6b8f4ca"
"PE-07-ordinary-api","445","GET","/api/v1/incidents?page=1&size=50","200","14.34","g5-896f0a31-f0c9-48c2-81ee-65a970b4c24a"
"PE-07-ordinary-api","446","GET","/api/v1/incidents?page=1&size=50","200","14.355","g5-ae3876ce-b9f1-4fba-8c5e-1c13647664b0"
"PE-07-ordinary-api","447","GET","/api/v1/incidents?page=1&size=50","200","14.353","g5-a1a55459-1d9f-40c6-af83-e5243184fbaf"
"PE-07-ordinary-api","448","GET","/api/v1/incidents?page=1&size=50","200","14.375","g5-643f25f0-a0d9-43a9-8e01-9f1827539041"
"PE-07-ordinary-api","449","GET","/api/v1/incidents?page=1&size=50","200","14.303","g5-45489d49-cccc-4ef4-a388-d672af349e09"
"PE-07-ordinary-api","450","GET","/api/v1/incidents?page=1&size=50","200","14.307","g5-84960aa4-3709-4f01-9fdc-62621afb42da"
"PE-07-ordinary-api","451","GET","/api/v1/incidents?page=1&size=50","200","13.125","g5-388d8614-ecb7-4ac9-8ee4-928cae440048"
"PE-07-ordinary-api","452","GET","/api/v1/incidents?page=1&size=50","200","13.118","g5-e8217e4f-31a9-4ccf-b025-7d170ce512d7"
"PE-07-ordinary-api","453","GET","/api/v1/incidents?page=1&size=50","200","13.14","g5-a14a6e57-9720-48eb-9427-34e7531b17de"
"PE-07-ordinary-api","454","GET","/api/v1/incidents?page=1&size=50","200","13.246","g5-8a807d36-f3b1-43a2-a2c9-0cc83ad9b0ec"
"PE-07-ordinary-api","455","GET","/api/v1/incidents?page=1&size=50","200","13.288","g5-67d1519e-42e7-41aa-8258-c32923053c61"
"PE-07-ordinary-api","456","GET","/api/v1/incidents?page=1&size=50","200","13.314","g5-ee4d5563-9232-45b2-bcd0-ba24707fa0e6"
"PE-07-ordinary-api","457","GET","/api/v1/incidents?page=1&size=50","200","13.337","g5-b8249f14-f739-4de5-bf33-5c003fb9da94"
"PE-07-ordinary-api","458","GET","/api/v1/incidents?page=1&size=50","200","13.389","g5-971983dc-a64f-4469-b032-102d7cfbb135"
"PE-07-ordinary-api","459","GET","/api/v1/incidents?page=1&size=50","200","13.427","g5-b6a3426f-76b4-4713-9bf8-077af8e3a202"
"PE-07-ordinary-api","460","GET","/api/v1/incidents?page=1&size=50","200","13.446","g5-8da6afb6-7187-4007-ae7b-7d3c8cc35a20"
"PE-07-ordinary-api","461","GET","/api/v1/incidents?page=1&size=50","200","13.479","g5-a62577cc-0beb-4ce7-a3c9-a7d66a95310c"
"PE-07-ordinary-api","462","GET","/api/v1/incidents?page=1&size=50","200","13.5","g5-ab29000e-cadb-4314-9106-addbc575b51c"
"PE-07-ordinary-api","463","GET","/api/v1/incidents?page=1&size=50","200","13.518","g5-0d0fe77c-8c6c-4dc9-95b7-d26aef57f9df"
"PE-07-ordinary-api","464","GET","/api/v1/incidents?page=1&size=50","200","13.535","g5-f8f4078c-e827-4141-971c-c669edd03ab9"
"PE-07-ordinary-api","465","GET","/api/v1/incidents?page=1&size=50","200","13.552","g5-9db5a378-15b0-499c-af83-a03e52b0d8c8"
"PE-07-ordinary-api","466","GET","/api/v1/incidents?page=1&size=50","200","13.57","g5-a7577a19-4ab0-4bff-a50a-20e68eb70a98"
"PE-07-ordinary-api","467","GET","/api/v1/incidents?page=1&size=50","200","13.587","g5-704983db-4891-42dd-b5ab-41dc7845ebab"
"PE-07-ordinary-api","468","GET","/api/v1/incidents?page=1&size=50","200","13.597","g5-a30b0d6f-27b7-4d85-9f73-dccaf3ccef44"
"PE-07-ordinary-api","469","GET","/api/v1/incidents?page=1&size=50","200","13.611","g5-e66bd066-6c6e-470b-843f-138775085302"
"PE-07-ordinary-api","470","GET","/api/v1/incidents?page=1&size=50","200","13.628","g5-cbc0f033-8bfc-4da9-837b-75a01489cde7"
"PE-07-ordinary-api","471","GET","/api/v1/incidents?page=1&size=50","200","13.644","g5-a47b15ff-33a3-4211-95fd-524880e4b022"
"PE-07-ordinary-api","472","GET","/api/v1/incidents?page=1&size=50","200","13.657","g5-52b39b55-2133-40c2-9b69-f0139358f200"
"PE-07-ordinary-api","473","GET","/api/v1/incidents?page=1&size=50","200","13.671","g5-89148a77-562a-48f0-b5ff-548ff7a07dee"
"PE-07-ordinary-api","474","GET","/api/v1/incidents?page=1&size=50","200","13.712","g5-7e5d3070-930a-42bc-9498-9c428960274c"
"PE-07-ordinary-api","475","GET","/api/v1/incidents?page=1&size=50","200","13.718","g5-678c8011-57bf-420c-bb8d-a5a2b26941e1"
"PE-07-ordinary-api","476","GET","/api/v1/incidents?page=1&size=50","200","13.733","g5-fda8edfd-b8eb-4972-8be8-7c1987667887"
"PE-07-ordinary-api","477","GET","/api/v1/incidents?page=1&size=50","200","13.746","g5-59c2ba97-4674-4b44-a670-8793f280aadf"
"PE-07-ordinary-api","478","GET","/api/v1/incidents?page=1&size=50","200","13.765","g5-88c05bc2-7492-4d31-bb65-8bb7cc6d9151"
"PE-07-ordinary-api","479","GET","/api/v1/incidents?page=1&size=50","200","13.778","g5-e6047503-0234-4c23-90f0-8614e8c1a681"
"PE-07-ordinary-api","480","GET","/api/v1/incidents?page=1&size=50","200","13.791","g5-cbc49ea3-bd81-49a4-ad63-8c98502fb42e"
"PE-07-ordinary-api","481","GET","/api/v1/incidents?page=1&size=50","200","13.807","g5-bab49c00-f983-4b78-ad2e-af9a62dfcd9b"
"PE-07-ordinary-api","482","GET","/api/v1/incidents?page=1&size=50","200","13.839","g5-1de5951e-6f0c-4ca8-8195-a229407108c9"
"PE-07-ordinary-api","483","GET","/api/v1/incidents?page=1&size=50","200","13.871","g5-892a2c21-2ab3-42a7-9fe4-9b6d3a24ddc3"
"PE-07-ordinary-api","484","GET","/api/v1/incidents?page=1&size=50","200","13.881","g5-ea080104-52ad-43c9-ac9e-166aa154d67d"
"PE-07-ordinary-api","485","GET","/api/v1/incidents?page=1&size=50","200","13.933","g5-507be6c0-5d72-4d15-9717-407feddc07dc"
"PE-07-ordinary-api","486","GET","/api/v1/incidents?page=1&size=50","200","13.952","g5-3c4d05d6-081e-48f6-9a14-fd7317931727"
"PE-07-ordinary-api","487","GET","/api/v1/incidents?page=1&size=50","200","13.965","g5-50de544c-a4e7-4852-9bb7-8f6244d4eda3"
"PE-07-ordinary-api","488","GET","/api/v1/incidents?page=1&size=50","200","13.992","g5-5495c18a-f347-4265-af51-25d0c73331a4"
"PE-07-ordinary-api","489","GET","/api/v1/incidents?page=1&size=50","200","14.019","g5-d8556896-f83d-49b0-bcc7-ee6e355cdd30"
"PE-07-ordinary-api","490","GET","/api/v1/incidents?page=1&size=50","200","14.094","g5-7b05a882-822e-440c-b514-8c8dbafd6d5d"
"PE-07-ordinary-api","491","GET","/api/v1/incidents?page=1&size=50","200","15.665","g5-414cc010-92f5-427d-beea-3d29d9119ed0"
"PE-07-ordinary-api","492","GET","/api/v1/incidents?page=1&size=50","200","15.194","g5-db6ba539-c8a9-416a-8397-e0a513fc7347"
"PE-07-ordinary-api","493","GET","/api/v1/incidents?page=1&size=50","200","15.163","g5-80885403-4946-49e6-bdf7-65ebbdada0ab"
"PE-07-ordinary-api","494","GET","/api/v1/incidents?page=1&size=50","200","15.212","g5-f6b358da-4550-480d-9e71-63f069f5904d"
"PE-07-ordinary-api","495","GET","/api/v1/incidents?page=1&size=50","200","15.322","g5-601de7bd-b0fe-480c-9f22-01c5984b63c7"
"PE-07-ordinary-api","496","GET","/api/v1/incidents?page=1&size=50","200","15.392","g5-6c63c301-c4a1-4df0-9164-ac1ba6559d68"
"PE-07-ordinary-api","497","GET","/api/v1/incidents?page=1&size=50","200","15.457","g5-aea2bca8-e0b5-42bf-8c90-713680f67884"
"PE-07-ordinary-api","498","GET","/api/v1/incidents?page=1&size=50","200","15.501","g5-ad4c45ad-dd98-42fb-9b6d-a459c1a36059"
"PE-07-ordinary-api","499","GET","/api/v1/incidents?page=1&size=50","200","15.595","g5-064645a3-0864-4922-b924-3d67649accd9"
"PE-07-ordinary-api","500","GET","/api/v1/incidents?page=1&size=50","200","15.65","g5-a4623e75-7612-49f5-89c2-07323de52b3f"
"PE-11-100-concurrent","1","GET","/api/v1/incidents?page=1&size=50","200","29.835","g5-cc780ac7-3665-4d79-accb-fb5cf9ee3f64"
"PE-11-100-concurrent","2","GET","/api/v1/incidents?page=1&size=50","200","29.718","g5-6756698b-5294-43f7-ae30-4adb3929a61a"
"PE-11-100-concurrent","3","GET","/api/v1/incidents?page=1&size=50","200","29.716","g5-1b9b7ac5-cdbb-4339-997d-c70a7d42dd2f"
"PE-11-100-concurrent","4","GET","/api/v1/incidents?page=1&size=50","200","29.606","g5-674d8b9d-15a8-435a-829f-b52ea03d4a64"
"PE-11-100-concurrent","5","GET","/api/v1/incidents?page=1&size=50","200","29.585","g5-f17b54d6-c7b6-45ce-97b3-023fd448e9e9"
"PE-11-100-concurrent","6","GET","/api/v1/incidents?page=1&size=50","200","29.537","g5-7ab05b1f-8570-4104-96c5-cdbe7eef0937"
"PE-11-100-concurrent","7","GET","/api/v1/incidents?page=1&size=50","200","29.528","g5-33b822e2-34c8-46ec-97d0-90232861e74e"
"PE-11-100-concurrent","8","GET","/api/v1/incidents?page=1&size=50","200","29.521","g5-33f510b1-e362-4276-94e7-731032616403"
"PE-11-100-concurrent","9","GET","/api/v1/incidents?page=1&size=50","200","29.522","g5-b79e82d7-7c41-45ee-957e-e15e7b7bc7fb"
"PE-11-100-concurrent","10","GET","/api/v1/incidents?page=1&size=50","200","29.508","g5-5f01b12b-82ce-4302-ba99-c9bca2039db9"
"PE-11-100-concurrent","11","GET","/api/v1/incidents?page=1&size=50","200","29.494","g5-a0f85b59-df12-4940-8ce8-2c812fed8369"
"PE-11-100-concurrent","12","GET","/api/v1/incidents?page=1&size=50","200","29.459","g5-c53ad97a-fc54-45b0-a4a7-7e46f5cbfa36"
"PE-11-100-concurrent","13","GET","/api/v1/incidents?page=1&size=50","200","29.464","g5-02cae27d-542d-48c6-87a6-c4818e134dec"
"PE-11-100-concurrent","14","GET","/api/v1/incidents?page=1&size=50","200","29.461","g5-baaacae3-4ad0-42fa-a9f2-29a8ca32b167"
"PE-11-100-concurrent","15","GET","/api/v1/incidents?page=1&size=50","200","29.458","g5-e95d6a76-c6bc-42cb-9658-a5a0e78c2f92"
"PE-11-100-concurrent","16","GET","/api/v1/incidents?page=1&size=50","200","29.445","g5-654d7dd4-58b0-4eb6-b6be-de0e66fa4069"
"PE-11-100-concurrent","17","GET","/api/v1/incidents?page=1&size=50","200","29.422","g5-e9f20b37-e0eb-48d1-aded-4ee94b2000f5"
"PE-11-100-concurrent","18","GET","/api/v1/incidents?page=1&size=50","200","29.435","g5-1c078516-2f5a-446d-b6ae-dc89f9af7390"
"PE-11-100-concurrent","19","GET","/api/v1/incidents?page=1&size=50","200","29.454","g5-c2ec8481-1e60-46bb-ad11-f25837a057dd"
"PE-11-100-concurrent","20","GET","/api/v1/incidents?page=1&size=50","200","29.452","g5-2c194bda-3e6a-4557-b558-b831e05f153b"
"PE-11-100-concurrent","21","GET","/api/v1/incidents?page=1&size=50","200","29.444","g5-8404b2b3-f85f-4c99-ba53-9a3ea4d4234d"
"PE-11-100-concurrent","22","GET","/api/v1/incidents?page=1&size=50","200","29.41","g5-f950a5be-e65d-463b-b379-7b7dd5422869"
"PE-11-100-concurrent","23","GET","/api/v1/incidents?page=1&size=50","200","29.393","g5-7784d8e7-f86e-48fe-aaad-4f1ee0d8c424"
"PE-11-100-concurrent","24","GET","/api/v1/incidents?page=1&size=50","200","29.391","g5-7c09d1eb-80ac-4d3e-9c6f-14ebd22bc1cb"
"PE-11-100-concurrent","25","GET","/api/v1/incidents?page=1&size=50","200","29.385","g5-42b6eb79-7412-48da-9adc-1d4a0a79a182"
"PE-11-100-concurrent","26","GET","/api/v1/incidents?page=1&size=50","200","29.398","g5-7fbafe47-a052-4c25-a606-0ce2a3a08ff0"
"PE-11-100-concurrent","27","GET","/api/v1/incidents?page=1&size=50","200","29.379","g5-d57de5bf-14e3-42de-9061-e668c3bff95d"
"PE-11-100-concurrent","28","GET","/api/v1/incidents?page=1&size=50","200","29.399","g5-83502d97-665b-4ff1-b679-f587b4c13606"
"PE-11-100-concurrent","29","GET","/api/v1/incidents?page=1&size=50","200","29.389","g5-ce68bd05-ff3a-4c0d-8ecc-dae8c167b468"
"PE-11-100-concurrent","30","GET","/api/v1/incidents?page=1&size=50","200","29.377","g5-e3d3d8ec-f4e0-4bcf-924a-ba776f4cd9e4"
"PE-11-100-concurrent","31","GET","/api/v1/incidents?page=1&size=50","200","29.337","g5-9d7d619b-7ee1-4641-9508-1900c1a44036"
"PE-11-100-concurrent","32","GET","/api/v1/incidents?page=1&size=50","200","29.321","g5-23f654b7-f83d-4134-aa96-de7185f750b8"
"PE-11-100-concurrent","33","GET","/api/v1/incidents?page=1&size=50","200","29.282","g5-cbf933f0-c3ee-4db2-888f-cf868b3da526"
"PE-11-100-concurrent","34","GET","/api/v1/incidents?page=1&size=50","200","29.277","g5-c8727ee5-139c-45f5-aac3-95f9ebc8b677"
"PE-11-100-concurrent","35","GET","/api/v1/incidents?page=1&size=50","200","29.324","g5-e4a1dd57-15f9-452f-8fe6-1580f956de69"
"PE-11-100-concurrent","36","GET","/api/v1/incidents?page=1&size=50","200","29.34","g5-eff0bea9-98c8-4256-aed5-dbbd643c4368"
"PE-11-100-concurrent","37","GET","/api/v1/incidents?page=1&size=50","200","29.334","g5-0d0a07af-ffac-4388-a5f9-0d268378e14f"
"PE-11-100-concurrent","38","GET","/api/v1/incidents?page=1&size=50","200","29.319","g5-8bd20cff-beb8-4f75-8093-941addbb2836"
"PE-11-100-concurrent","39","GET","/api/v1/incidents?page=1&size=50","200","29.261","g5-5bbcc59a-4838-4b6c-b82f-2f4eb6774f56"
"PE-11-100-concurrent","40","GET","/api/v1/incidents?page=1&size=50","200","29.201","g5-ee63d0c4-75fb-4a41-b6ff-27765831b5f7"
"PE-11-100-concurrent","41","GET","/api/v1/incidents?page=1&size=50","200","29.154","g5-00eb7a03-b112-42e0-8b17-a4e33d4cd5bf"
"PE-11-100-concurrent","42","GET","/api/v1/incidents?page=1&size=50","200","29.115","g5-17cc6904-a369-4039-ab9e-cf5df7938f7c"
"PE-11-100-concurrent","43","GET","/api/v1/incidents?page=1&size=50","200","29.078","g5-7ea7ea16-6e60-41ca-bc75-3a51fd14977b"
"PE-11-100-concurrent","44","GET","/api/v1/incidents?page=1&size=50","200","29.044","g5-3f38f6b7-b576-488c-9d4c-193126924876"
"PE-11-100-concurrent","45","GET","/api/v1/incidents?page=1&size=50","200","28.985","g5-480c2484-631d-4597-aeec-27da66d3d2e5"
"PE-11-100-concurrent","46","GET","/api/v1/incidents?page=1&size=50","200","28.775","g5-b3bb085b-e603-47cc-bcfd-8e0b14ad0e80"
"PE-11-100-concurrent","47","GET","/api/v1/incidents?page=1&size=50","200","28.754","g5-f29572db-e472-4baa-b7da-1ff56911f09d"
"PE-11-100-concurrent","48","GET","/api/v1/incidents?page=1&size=50","200","28.779","g5-cea28569-d215-4db6-81c5-b15449827c4c"
"PE-11-100-concurrent","49","GET","/api/v1/incidents?page=1&size=50","200","28.779","g5-ba0de2dc-09a7-4287-89d4-b577f295f6f1"
"PE-11-100-concurrent","50","GET","/api/v1/incidents?page=1&size=50","200","28.82","g5-c38596c9-c93a-4a01-8a90-fb6b81f24e39"
"PE-11-100-concurrent","51","GET","/api/v1/incidents?page=1&size=50","200","38.397","g5-f2181bd2-3864-4019-8b1e-cc0aa1704825"
"PE-11-100-concurrent","52","GET","/api/v1/incidents?page=1&size=50","200","38.456","g5-6c93e2d8-da9a-4d26-a55b-427bcf9aa736"
"PE-11-100-concurrent","53","GET","/api/v1/incidents?page=1&size=50","200","38.442","g5-6576823b-f9cc-488c-b5aa-2aa01af5c4e5"
"PE-11-100-concurrent","54","GET","/api/v1/incidents?page=1&size=50","200","38.456","g5-aa250989-542d-4031-902b-26fd2ecd9cc4"
"PE-11-100-concurrent","55","GET","/api/v1/incidents?page=1&size=50","200","38.466","g5-01ad11ac-5420-42c1-a49a-fa2badb23f26"
"PE-11-100-concurrent","56","GET","/api/v1/incidents?page=1&size=50","200","38.462","g5-0e976eaa-3764-4caa-bf68-71c36f96264a"
"PE-11-100-concurrent","57","GET","/api/v1/incidents?page=1&size=50","200","38.466","g5-fce935bf-3131-4850-a2f3-3e1b8ed61927"
"PE-11-100-concurrent","58","GET","/api/v1/incidents?page=1&size=50","200","38.508","g5-c80681bd-36e0-4e18-afd2-11070441197d"
"PE-11-100-concurrent","59","GET","/api/v1/incidents?page=1&size=50","200","38.528","g5-1ccb34d3-3416-48ad-bfbd-cfddaa7d888c"
"PE-11-100-concurrent","60","GET","/api/v1/incidents?page=1&size=50","200","38.586","g5-6b5532d1-ee10-4d7b-a058-ad452c64dab3"
"PE-11-100-concurrent","61","GET","/api/v1/incidents?page=1&size=50","200","38.73","g5-06f8b68c-0b35-4ba5-8d8e-a046d1453788"
"PE-11-100-concurrent","62","GET","/api/v1/incidents?page=1&size=50","200","38.776","g5-ed25654a-201a-483e-a8a9-e75c60a669c7"
"PE-11-100-concurrent","63","GET","/api/v1/incidents?page=1&size=50","200","38.809","g5-ecdef092-9f7a-406a-a8c1-5bdf0a3157c7"
"PE-11-100-concurrent","64","GET","/api/v1/incidents?page=1&size=50","200","38.843","g5-cb12345f-0eb6-43ea-85ab-16fe24776c2d"
"PE-11-100-concurrent","65","GET","/api/v1/incidents?page=1&size=50","200","38.861","g5-4a2c78a2-1ed7-4383-bd6e-aa7a714603dd"
"PE-11-100-concurrent","66","GET","/api/v1/incidents?page=1&size=50","200","38.877","g5-21abf207-826e-47ab-b372-d0d0a25bd5a5"
"PE-11-100-concurrent","67","GET","/api/v1/incidents?page=1&size=50","200","38.886","g5-a9dd1b48-b921-48f2-85a7-956349899a37"
"PE-11-100-concurrent","68","GET","/api/v1/incidents?page=1&size=50","200","38.933","g5-74ce65f7-79ed-4dcb-aef4-dde047fcac83"
"PE-11-100-concurrent","69","GET","/api/v1/incidents?page=1&size=50","200","38.969","g5-ebe8bc66-d256-4567-91a1-442112e03264"
"PE-11-100-concurrent","70","GET","/api/v1/incidents?page=1&size=50","200","38.984","g5-bb07e058-5c81-4cc8-a0cd-79d192cff491"
"PE-11-100-concurrent","71","GET","/api/v1/incidents?page=1&size=50","200","39.008","g5-739a03d0-0d4f-4b7a-afc5-70ea7515b6ff"
"PE-11-100-concurrent","72","GET","/api/v1/incidents?page=1&size=50","200","39.033","g5-607f9dce-7ad7-493d-8afd-d6393ab6babb"
"PE-11-100-concurrent","73","GET","/api/v1/incidents?page=1&size=50","200","39.04","g5-e04244e8-8803-4700-b4ae-d89f4afb1357"
"PE-11-100-concurrent","74","GET","/api/v1/incidents?page=1&size=50","200","39.063","g5-5a859f36-bae9-45be-90b8-e890d721af79"
"PE-11-100-concurrent","75","GET","/api/v1/incidents?page=1&size=50","200","39.08","g5-d41a6dce-4d97-4fe0-84b2-63f1fe202006"
"PE-11-100-concurrent","76","GET","/api/v1/incidents?page=1&size=50","200","39.087","g5-7749ef70-a26c-43e3-b1f8-c7cf8fd8f635"
"PE-11-100-concurrent","77","GET","/api/v1/incidents?page=1&size=50","200","39.096","g5-856d4bfe-f20a-4896-a65f-26f99685e62f"
"PE-11-100-concurrent","78","GET","/api/v1/incidents?page=1&size=50","200","39.106","g5-2016b075-9172-4a69-bc96-7e2e206dff19"
"PE-11-100-concurrent","79","GET","/api/v1/incidents?page=1&size=50","200","39.128","g5-1c15e71f-87cc-4036-ae6c-7704b3fbee1d"
"PE-11-100-concurrent","80","GET","/api/v1/incidents?page=1&size=50","200","39.149","g5-23bbb128-a672-4cd7-bc62-7ce06cedc1c5"
"PE-11-100-concurrent","81","GET","/api/v1/incidents?page=1&size=50","200","39.164","g5-ef58e3af-8fa7-4896-b9f6-454c42fe0f6f"
"PE-11-100-concurrent","82","GET","/api/v1/incidents?page=1&size=50","200","39.197","g5-8a8e6b0d-a2a9-42b1-a5e9-1b09f7241c60"
"PE-11-100-concurrent","83","GET","/api/v1/incidents?page=1&size=50","200","39.24","g5-777db696-6c31-42d8-b5ab-fcfb737a5066"
"PE-11-100-concurrent","84","GET","/api/v1/incidents?page=1&size=50","200","39.263","g5-130f34df-bf50-4079-bfda-de976b83a667"
"PE-11-100-concurrent","85","GET","/api/v1/incidents?page=1&size=50","200","39.286","g5-a9eb53cc-883a-4408-abb3-1a616679b21c"
"PE-11-100-concurrent","86","GET","/api/v1/incidents?page=1&size=50","200","39.303","g5-f54eba75-bfd2-4da7-9d71-c3d3f62ff160"
"PE-11-100-concurrent","87","GET","/api/v1/incidents?page=1&size=50","200","39.315","g5-4c2f29bb-63ff-4d4f-af6c-9be1957c7e50"
"PE-11-100-concurrent","88","GET","/api/v1/incidents?page=1&size=50","200","39.324","g5-9c984501-f8fa-46fb-acd6-d1bc7fe559e5"
"PE-11-100-concurrent","89","GET","/api/v1/incidents?page=1&size=50","200","39.336","g5-0394bda7-aefb-4c51-ab9d-a8c062db0480"
"PE-11-100-concurrent","90","GET","/api/v1/incidents?page=1&size=50","200","39.365","g5-6fe39dce-d596-4d50-a63f-943837713980"
"PE-11-100-concurrent","91","GET","/api/v1/incidents?page=1&size=50","200","39.378","g5-f8a4d5bc-4d53-4de7-8c8f-14a21b735061"
"PE-11-100-concurrent","92","GET","/api/v1/incidents?page=1&size=50","200","39.399","g5-3a53a21d-1470-4257-a658-7a4ea6cace35"
"PE-11-100-concurrent","93","GET","/api/v1/incidents?page=1&size=50","200","39.421","g5-c71bf7de-f5d2-499a-93c6-8b8b20a1d972"
"PE-11-100-concurrent","94","GET","/api/v1/incidents?page=1&size=50","200","39.436","g5-0ea00881-1ed5-4706-b421-a9267de4a196"
"PE-11-100-concurrent","95","GET","/api/v1/incidents?page=1&size=50","200","39.459","g5-27f9e164-2157-4b7a-aa84-332528d49724"
"PE-11-100-concurrent","96","GET","/api/v1/incidents?page=1&size=50","200","39.488","g5-a9e171c7-5781-4eb6-a82e-6ce87b833e64"
"PE-11-100-concurrent","97","GET","/api/v1/incidents?page=1&size=50","200","39.513","g5-982a07c7-6e57-4294-a8eb-bfebff709e50"
"PE-11-100-concurrent","98","GET","/api/v1/incidents?page=1&size=50","200","39.527","g5-c28339dd-55bf-40db-89fe-d6790574f01a"
"PE-11-100-concurrent","99","GET","/api/v1/incidents?page=1&size=50","200","39.57","g5-9f4ad97d-fa8e-4abb-8012-eecbf3894e92"
"PE-11-100-concurrent","100","GET","/api/v1/incidents?page=1&size=50","200","39.615","g5-2c9dd6e6-a5ee-4dee-a934-88fe411028b5"
"PE-11-100-concurrent","101","GET","/api/v1/incidents?page=1&size=50","200","17.059","g5-4fed8182-2648-4d6d-8606-3917831b26a9"
"PE-11-100-concurrent","102","GET","/api/v1/incidents?page=1&size=50","200","16.942","g5-2db8ab7d-493f-4bbe-a3e5-01b50d03d09f"
"PE-11-100-concurrent","103","GET","/api/v1/incidents?page=1&size=50","200","16.924","g5-882a80f6-fc1f-44e3-a1e8-146af3e794b7"
"PE-11-100-concurrent","104","GET","/api/v1/incidents?page=1&size=50","200","16.918","g5-349eedde-f38e-45b7-8a76-0d015f2e2263"
"PE-11-100-concurrent","105","GET","/api/v1/incidents?page=1&size=50","200","16.913","g5-28878954-6d1c-44ac-be40-9c57369e62f2"
"PE-11-100-concurrent","106","GET","/api/v1/incidents?page=1&size=50","200","16.907","g5-514c2ca2-87f9-4f8d-99dd-4b0748153aac"
"PE-11-100-concurrent","107","GET","/api/v1/incidents?page=1&size=50","200","16.904","g5-5990c650-3bbf-49b3-b8da-c0fba67c9235"
"PE-11-100-concurrent","108","GET","/api/v1/incidents?page=1&size=50","200","16.895","g5-b086c1b9-a942-4364-96a0-55d8fd412a68"
"PE-11-100-concurrent","109","GET","/api/v1/incidents?page=1&size=50","200","16.951","g5-ab4df9ed-fca9-414a-ac34-e85adf13b6ea"
"PE-11-100-concurrent","110","GET","/api/v1/incidents?page=1&size=50","200","16.968","g5-a68a80ee-6288-4659-b1c7-2c3e89cca7cf"
"PE-11-100-concurrent","111","GET","/api/v1/incidents?page=1&size=50","200","16.974","g5-a97218d7-b001-47b5-8c09-6cb2e9d772d8"
"PE-11-100-concurrent","112","GET","/api/v1/incidents?page=1&size=50","200","16.973","g5-72ca8068-ee4d-4f81-9ba0-8f32daa835d2"
"PE-11-100-concurrent","113","GET","/api/v1/incidents?page=1&size=50","200","16.989","g5-b9b7dc80-6570-46ec-8b89-a7486d12cbf6"
"PE-11-100-concurrent","114","GET","/api/v1/incidents?page=1&size=50","200","16.996","g5-c9752906-cc79-4d68-99d9-7bc218137aaa"
"PE-11-100-concurrent","115","GET","/api/v1/incidents?page=1&size=50","200","17.004","g5-f66c31ee-8a1b-4f49-a503-3b32bf3462a1"
"PE-11-100-concurrent","116","GET","/api/v1/incidents?page=1&size=50","200","17.005","g5-159631aa-bac8-4d2b-9723-9170441d078a"
"PE-11-100-concurrent","117","GET","/api/v1/incidents?page=1&size=50","200","17.014","g5-329d6ea9-5a92-44fc-ad0f-41dbb0b7c4d4"
"PE-11-100-concurrent","118","GET","/api/v1/incidents?page=1&size=50","200","17.022","g5-100a91d1-ca3e-4456-a977-ffbb8490036e"
"PE-11-100-concurrent","119","GET","/api/v1/incidents?page=1&size=50","200","17.039","g5-0f1ff06d-d3da-49e3-9a36-c0abcf466113"
"PE-11-100-concurrent","120","GET","/api/v1/incidents?page=1&size=50","200","17.044","g5-c30f583a-1c61-47ac-8dbf-c0d20384545b"
"PE-11-100-concurrent","121","GET","/api/v1/incidents?page=1&size=50","200","17.048","g5-837cbaea-12bd-4b4a-a235-e69b1681aebe"
"PE-11-100-concurrent","122","GET","/api/v1/incidents?page=1&size=50","200","17.138","g5-86a3d930-e125-4bca-9213-a1bc42eb9d96"
"PE-11-100-concurrent","123","GET","/api/v1/incidents?page=1&size=50","200","17.182","g5-c4a94632-2257-468e-afed-1a41776aa637"
"PE-11-100-concurrent","124","GET","/api/v1/incidents?page=1&size=50","200","17.247","g5-8c700503-ed93-4409-8af5-39209a92a90d"
"PE-11-100-concurrent","125","GET","/api/v1/incidents?page=1&size=50","200","17.27","g5-5b98e929-fdea-4383-b7cd-270d27e50b2b"
"PE-11-100-concurrent","126","GET","/api/v1/incidents?page=1&size=50","200","17.285","g5-581e7f8d-e991-47c3-ba20-10b30fa794aa"
"PE-11-100-concurrent","127","GET","/api/v1/incidents?page=1&size=50","200","17.303","g5-0deaa581-ede1-4882-9121-ab68fde1e816"
"PE-11-100-concurrent","128","GET","/api/v1/incidents?page=1&size=50","200","17.318","g5-a82f4c41-7b19-4c9e-a96b-7342c237febb"
"PE-11-100-concurrent","129","GET","/api/v1/incidents?page=1&size=50","200","17.342","g5-fb53cd52-e638-4685-b4c9-beaae0da256f"
"PE-11-100-concurrent","130","GET","/api/v1/incidents?page=1&size=50","200","17.354","g5-9ba6d702-05ef-4710-8f03-8ee0fcfe256e"
"PE-11-100-concurrent","131","GET","/api/v1/incidents?page=1&size=50","200","17.423","g5-d7ffbd18-76b9-4076-afca-1094fa3927d1"
"PE-11-100-concurrent","132","GET","/api/v1/incidents?page=1&size=50","200","17.453","g5-9490f259-2d15-4c0c-ba09-43485cf3de2d"
"PE-11-100-concurrent","133","GET","/api/v1/incidents?page=1&size=50","200","17.46","g5-a025d77d-3f29-4dff-89f9-25d5289e3573"
"PE-11-100-concurrent","134","GET","/api/v1/incidents?page=1&size=50","200","17.473","g5-0c582f47-514c-4358-86a8-dcb0b6660f4a"
"PE-11-100-concurrent","135","GET","/api/v1/incidents?page=1&size=50","200","17.519","g5-ea93ae67-8644-4ff1-96ef-49a37b503f44"
"PE-11-100-concurrent","136","GET","/api/v1/incidents?page=1&size=50","200","17.482","g5-a91ca221-3ca6-4470-8b63-5c04b1036bee"
"PE-11-100-concurrent","137","GET","/api/v1/incidents?page=1&size=50","200","17.457","g5-35571d16-d820-4fce-abbb-6d026a520a55"
"PE-11-100-concurrent","138","GET","/api/v1/incidents?page=1&size=50","200","17.466","g5-e6794ccd-0809-4463-be45-cdfcad82dfc5"
"PE-11-100-concurrent","139","GET","/api/v1/incidents?page=1&size=50","200","17.477","g5-417fb5fb-5930-4401-ae30-9a0313c1d5b4"
"PE-11-100-concurrent","140","GET","/api/v1/incidents?page=1&size=50","200","17.468","g5-84241723-5d2a-4236-a53f-a734f052cee2"
"PE-11-100-concurrent","141","GET","/api/v1/incidents?page=1&size=50","200","17.476","g5-73be7f3a-3f63-4b37-97e9-4a55f1b7a4c1"
"PE-11-100-concurrent","142","GET","/api/v1/incidents?page=1&size=50","200","17.493","g5-c4dfdb01-b4ab-4b2c-b1a1-3523c1c1079d"
"PE-11-100-concurrent","143","GET","/api/v1/incidents?page=1&size=50","200","17.489","g5-5123f8be-45cc-4de0-b46f-0e86c0d79d79"
"PE-11-100-concurrent","144","GET","/api/v1/incidents?page=1&size=50","200","17.486","g5-bf854bcb-718d-4add-8e03-cbd9c7e9c9c2"
"PE-11-100-concurrent","145","GET","/api/v1/incidents?page=1&size=50","200","17.508","g5-bf0c78d4-e7c5-446b-aabb-bca93f8bf339"
"PE-11-100-concurrent","146","GET","/api/v1/incidents?page=1&size=50","200","17.511","g5-4f2ea3ea-afce-414c-a24c-be9bd5b2dbcc"
"PE-11-100-concurrent","147","GET","/api/v1/incidents?page=1&size=50","200","17.513","g5-f0835a04-ddc0-4460-97f9-9b7b89212300"
"PE-11-100-concurrent","148","GET","/api/v1/incidents?page=1&size=50","200","17.538","g5-739b0586-1b62-4967-bce8-41d03bfa91f6"
"PE-11-100-concurrent","149","GET","/api/v1/incidents?page=1&size=50","200","17.529","g5-a5076e0f-0631-4494-a272-a689dcff5eeb"
"PE-11-100-concurrent","150","GET","/api/v1/incidents?page=1&size=50","200","17.566","g5-5c9962b3-c081-4e17-8f2e-abf13424bd2a"
"PE-11-100-concurrent","151","GET","/api/v1/incidents?page=1&size=50","200","17.571","g5-0734f798-9979-4d87-85aa-f95fa926cb1b"
"PE-11-100-concurrent","152","GET","/api/v1/incidents?page=1&size=50","200","17.555","g5-e6a1215d-4a45-452b-b459-1f9c4bcf0a35"
"PE-11-100-concurrent","153","GET","/api/v1/incidents?page=1&size=50","200","17.587","g5-10b6a018-59e6-4a45-91f0-f9a35c26399e"
"PE-11-100-concurrent","154","GET","/api/v1/incidents?page=1&size=50","200","17.605","g5-8ffc414e-7ab1-4f73-b6b9-f2545c2b2b57"
"PE-11-100-concurrent","155","GET","/api/v1/incidents?page=1&size=50","200","17.607","g5-a5d90955-d939-4ef3-a177-29f3ebff5f2c"
"PE-11-100-concurrent","156","GET","/api/v1/incidents?page=1&size=50","200","17.599","g5-d54720ff-2a41-4619-a709-3c8673887708"
"PE-11-100-concurrent","157","GET","/api/v1/incidents?page=1&size=50","200","17.599","g5-8b442d50-9f09-4f60-abc9-a8a290490318"
"PE-11-100-concurrent","158","GET","/api/v1/incidents?page=1&size=50","200","17.57","g5-f479fa92-350b-48a2-ba4c-a6e3e66b07fd"
"PE-11-100-concurrent","159","GET","/api/v1/incidents?page=1&size=50","200","17.575","g5-1d1d1a39-99bd-4f2e-bc1e-efdf79442042"
"PE-11-100-concurrent","160","GET","/api/v1/incidents?page=1&size=50","200","17.569","g5-0192086d-399b-4e36-9ff1-5a1911b6a0fb"
"PE-11-100-concurrent","161","GET","/api/v1/incidents?page=1&size=50","200","17.577","g5-c864f48b-7deb-409e-a30e-eb8c4f3c804b"
"PE-11-100-concurrent","162","GET","/api/v1/incidents?page=1&size=50","200","17.594","g5-9ed56642-6485-40d4-a5de-b25c1355d9f1"
"PE-11-100-concurrent","163","GET","/api/v1/incidents?page=1&size=50","200","17.612","g5-c744fad6-d133-4b29-9777-1ca1e259e401"
"PE-11-100-concurrent","164","GET","/api/v1/incidents?page=1&size=50","200","17.659","g5-a8b15419-d43c-4df7-93d0-90e29d00c3dc"
"PE-11-100-concurrent","165","GET","/api/v1/incidents?page=1&size=50","200","17.678","g5-9b63f19d-3b17-4ef0-be1e-9152e171513d"
"PE-11-100-concurrent","166","GET","/api/v1/incidents?page=1&size=50","200","17.704","g5-b1343ffd-eccc-4ebd-b3ca-78fd5843a110"
"PE-11-100-concurrent","167","GET","/api/v1/incidents?page=1&size=50","200","17.674","g5-9e98b6ca-2c78-4b15-87d9-45753696044b"
"PE-11-100-concurrent","168","GET","/api/v1/incidents?page=1&size=50","200","17.646","g5-03b0035c-2658-4545-95b9-c7ee60abcd0b"
"PE-11-100-concurrent","169","GET","/api/v1/incidents?page=1&size=50","200","17.659","g5-83eb3b5c-73e4-40b6-b1ca-a2d63b9e9e33"
"PE-11-100-concurrent","170","GET","/api/v1/incidents?page=1&size=50","200","17.703","g5-e8cc37e4-509b-4e2c-aa49-5ff72eb32d16"
"PE-11-100-concurrent","171","GET","/api/v1/incidents?page=1&size=50","200","17.741","g5-0f76cd27-84ae-4c15-ab85-c4f981be186b"
"PE-11-100-concurrent","172","GET","/api/v1/incidents?page=1&size=50","200","17.749","g5-93530b57-016f-4178-9218-d569640c1a3a"
"PE-11-100-concurrent","173","GET","/api/v1/incidents?page=1&size=50","200","17.748","g5-e410e34d-ffa9-4db3-8d57-fbc5fb7013a8"
"PE-11-100-concurrent","174","GET","/api/v1/incidents?page=1&size=50","200","17.757","g5-9df5d15c-98b2-4215-84ec-b3d73cbb68e1"
"PE-11-100-concurrent","175","GET","/api/v1/incidents?page=1&size=50","200","17.762","g5-d339e853-809a-4455-9964-9c460d270d09"
"PE-11-100-concurrent","176","GET","/api/v1/incidents?page=1&size=50","200","17.776","g5-97821f5d-cd66-43cc-83d9-709cf6163ac5"
"PE-11-100-concurrent","177","GET","/api/v1/incidents?page=1&size=50","200","17.8","g5-4320467a-8c21-4a61-b8cc-0c4c33de42dd"
"PE-11-100-concurrent","178","GET","/api/v1/incidents?page=1&size=50","200","17.803","g5-9a7a40bd-527c-4136-9546-f9c41e0b8ae3"
"PE-11-100-concurrent","179","GET","/api/v1/incidents?page=1&size=50","200","17.83","g5-af3ebac2-f498-4aa4-bd0f-9a0302e735d0"
"PE-11-100-concurrent","180","GET","/api/v1/incidents?page=1&size=50","200","17.851","g5-ffdd2366-a07e-43d9-866e-1346d939fe5f"
"PE-11-100-concurrent","181","GET","/api/v1/incidents?page=1&size=50","200","17.882","g5-7c9fbafc-65f8-44f8-90a9-c1784cae08bc"
"PE-11-100-concurrent","182","GET","/api/v1/incidents?page=1&size=50","200","17.89","g5-69c06d2b-acbc-4c08-99e4-f5fbdd9ccd36"
"PE-11-100-concurrent","183","GET","/api/v1/incidents?page=1&size=50","200","17.945","g5-3ce01e98-8bba-415d-9055-cd615aef3de5"
"PE-11-100-concurrent","184","GET","/api/v1/incidents?page=1&size=50","200","17.965","g5-29f0ecd6-407d-4b01-b50e-ad282cafafb2"
"PE-11-100-concurrent","185","GET","/api/v1/incidents?page=1&size=50","200","17.994","g5-a238509e-d1d1-46d4-b35e-8fc6acc5c0c5"
"PE-11-100-concurrent","186","GET","/api/v1/incidents?page=1&size=50","200","18.011","g5-61a117b5-2db7-445d-b283-17fa5c485366"
"PE-11-100-concurrent","187","GET","/api/v1/incidents?page=1&size=50","200","18.027","g5-6d28c68b-a2d1-4256-8205-633f35314f56"
"PE-11-100-concurrent","188","GET","/api/v1/incidents?page=1&size=50","200","18.032","g5-4cfdbd3e-7761-43ff-826a-a4699b36513f"
"PE-11-100-concurrent","189","GET","/api/v1/incidents?page=1&size=50","200","18.046","g5-8209d25e-e499-4178-93aa-fbfd263e22f4"
"PE-11-100-concurrent","190","GET","/api/v1/incidents?page=1&size=50","200","18.053","g5-c178267d-112d-454b-853d-081fb463b660"
"PE-11-100-concurrent","191","GET","/api/v1/incidents?page=1&size=50","200","18.075","g5-49e82e43-ffd9-410f-8d95-2167f1a83d50"
"PE-11-100-concurrent","192","GET","/api/v1/incidents?page=1&size=50","200","18.089","g5-459e3869-5017-45aa-b496-2868819a3209"
"PE-11-100-concurrent","193","GET","/api/v1/incidents?page=1&size=50","200","18.099","g5-bb6a79d7-ee80-4992-838e-837d1362dcb6"
"PE-11-100-concurrent","194","GET","/api/v1/incidents?page=1&size=50","200","18.114","g5-a7c0d986-80f7-453a-9f19-b5de7a43607a"
"PE-11-100-concurrent","195","GET","/api/v1/incidents?page=1&size=50","200","18.135","g5-880e33ee-a193-4237-ac8b-ce7f36dd163b"
"PE-11-100-concurrent","196","GET","/api/v1/incidents?page=1&size=50","200","18.152","g5-8ceecdfc-be72-4390-9c03-e6d759b1cab9"
"PE-11-100-concurrent","197","GET","/api/v1/incidents?page=1&size=50","200","18.206","g5-d1d20d24-41a4-47c4-a4f0-ff2caba37525"
"PE-11-100-concurrent","198","GET","/api/v1/incidents?page=1&size=50","200","18.229","g5-dcd8f72a-e5c3-42eb-a5d3-3b0856a88662"
"PE-11-100-concurrent","199","GET","/api/v1/incidents?page=1&size=50","200","18.235","g5-109fd500-8b05-4c1f-9859-87c6d5084d1f"
"PE-11-100-concurrent","200","GET","/api/v1/incidents?page=1&size=50","200","18.251","g5-8e59b254-2395-43fa-8681-ee34dc134cc1"
"PE-11-100-concurrent","201","GET","/api/v1/incidents?page=1&size=50","200","27.713","g5-5afb3c8f-80e0-45d8-a92a-324c858fbdc3"
"PE-11-100-concurrent","202","GET","/api/v1/incidents?page=1&size=50","200","27.644","g5-72090bd5-5e49-4661-9647-9079da87f5ad"
"PE-11-100-concurrent","203","GET","/api/v1/incidents?page=1&size=50","200","27.642","g5-dfd75dba-5160-4c53-bc62-7a5419952c31"
"PE-11-100-concurrent","204","GET","/api/v1/incidents?page=1&size=50","200","27.637","g5-26caf68b-0ac9-4a90-b81c-07ccb3330c34"
"PE-11-100-concurrent","205","GET","/api/v1/incidents?page=1&size=50","200","27.638","g5-7c08fb62-cb23-4dc7-a92a-93dc79b48953"
"PE-11-100-concurrent","206","GET","/api/v1/incidents?page=1&size=50","200","27.648","g5-68550431-e37b-49a4-ad92-3d76a4d67287"
"PE-11-100-concurrent","207","GET","/api/v1/incidents?page=1&size=50","200","27.644","g5-98c05338-9fc3-488c-a9b0-5361aa41f3ea"
"PE-11-100-concurrent","208","GET","/api/v1/incidents?page=1&size=50","200","27.63","g5-c6f05d1b-b0de-45d2-a818-1affc36e158b"
"PE-11-100-concurrent","209","GET","/api/v1/incidents?page=1&size=50","200","27.62","g5-006df30b-07a7-4e5d-b82c-39e291ea0d31"
"PE-11-100-concurrent","210","GET","/api/v1/incidents?page=1&size=50","200","27.605","g5-3e0c771c-d12e-4396-80e2-f42f81324a38"
"PE-11-100-concurrent","211","GET","/api/v1/incidents?page=1&size=50","200","27.656","g5-e796bedc-28aa-4a36-9fa3-6dd93f2d6a83"
"PE-11-100-concurrent","212","GET","/api/v1/incidents?page=1&size=50","200","27.684","g5-67007178-a7dc-4752-ac2e-ab69aaf14dcf"
"PE-11-100-concurrent","213","GET","/api/v1/incidents?page=1&size=50","200","27.678","g5-4340a969-2db6-4502-bf96-fef71e1005a6"
"PE-11-100-concurrent","214","GET","/api/v1/incidents?page=1&size=50","200","27.68","g5-83709328-7538-4317-a1a6-f1101ad27b67"
"PE-11-100-concurrent","215","GET","/api/v1/incidents?page=1&size=50","200","27.682","g5-e43bf8e4-80c4-4acb-a41d-2da018709c81"
"PE-11-100-concurrent","216","GET","/api/v1/incidents?page=1&size=50","200","27.674","g5-186f4c81-086f-45c3-ad1f-75464fae3dc6"
"PE-11-100-concurrent","217","GET","/api/v1/incidents?page=1&size=50","200","27.714","g5-30523557-376d-4bc4-8d03-db63a5199827"
"PE-11-100-concurrent","218","GET","/api/v1/incidents?page=1&size=50","200","27.748","g5-a45471eb-f5cf-4ef9-8ee7-1b5b16d4dc5c"
"PE-11-100-concurrent","219","GET","/api/v1/incidents?page=1&size=50","200","27.746","g5-274738fc-003f-4d0f-81f9-bd33c933aaba"
"PE-11-100-concurrent","220","GET","/api/v1/incidents?page=1&size=50","200","27.74","g5-ad94c6c0-47f8-4594-aafd-2bdabdf61a84"
"PE-11-100-concurrent","221","GET","/api/v1/incidents?page=1&size=50","200","27.725","g5-6c647aa7-f457-4933-8d70-12f33855bdb9"
"PE-11-100-concurrent","222","GET","/api/v1/incidents?page=1&size=50","200","27.742","g5-b30b6610-3cc8-42e9-aaeb-15c0895b38fe"
"PE-11-100-concurrent","223","GET","/api/v1/incidents?page=1&size=50","200","27.754","g5-0b6caf1e-b931-41f7-a7fb-e0a3e1f00806"
"PE-11-100-concurrent","224","GET","/api/v1/incidents?page=1&size=50","200","27.779","g5-72cd733a-1dfd-477c-90b0-81ebfb05369b"
"PE-11-100-concurrent","225","GET","/api/v1/incidents?page=1&size=50","200","27.779","g5-349136be-f4e4-4810-acb5-f51c5bd32047"
"PE-11-100-concurrent","226","GET","/api/v1/incidents?page=1&size=50","200","27.781","g5-2e8613ad-3fb9-4e32-bb5b-3051326678ef"
"PE-11-100-concurrent","227","GET","/api/v1/incidents?page=1&size=50","200","27.785","g5-b5e9df1c-fdef-4340-8f0a-7b784bc5e203"
"PE-11-100-concurrent","228","GET","/api/v1/incidents?page=1&size=50","200","27.789","g5-7fd0988f-10de-4d4d-b0ff-6a18f62a9150"
"PE-11-100-concurrent","229","GET","/api/v1/incidents?page=1&size=50","200","27.786","g5-e6a803ec-82fc-4fb7-90fc-3cf657754eed"
"PE-11-100-concurrent","230","GET","/api/v1/incidents?page=1&size=50","200","27.791","g5-04956173-d178-48a7-88a5-31e009dfa802"
"PE-11-100-concurrent","231","GET","/api/v1/incidents?page=1&size=50","200","27.783","g5-ace638bc-e941-4fe0-8594-ce3250b4c3bc"
"PE-11-100-concurrent","232","GET","/api/v1/incidents?page=1&size=50","200","27.776","g5-a2e7ddfd-8867-4821-b842-110598ca9c2a"
"PE-11-100-concurrent","233","GET","/api/v1/incidents?page=1&size=50","200","27.764","g5-b3b4fd51-2acf-4eff-9ed8-0b5cb9967fa0"
"PE-11-100-concurrent","234","GET","/api/v1/incidents?page=1&size=50","200","27.756","g5-2a6f17b2-1e7a-445a-a32a-16e101e4b64a"
"PE-11-100-concurrent","235","GET","/api/v1/incidents?page=1&size=50","200","27.75","g5-8d231081-19f2-432a-9ceb-c96fabe6febb"
"PE-11-100-concurrent","236","GET","/api/v1/incidents?page=1&size=50","200","27.751","g5-d637e9e1-8b32-442a-8a31-0de5b247f63f"
"PE-11-100-concurrent","237","GET","/api/v1/incidents?page=1&size=50","200","27.752","g5-81e2a3ca-b6c1-4543-8eac-95caa2773b69"
"PE-11-100-concurrent","238","GET","/api/v1/incidents?page=1&size=50","200","27.756","g5-b67dc70f-b00a-4718-8b2b-23bc4e66ac87"
"PE-11-100-concurrent","239","GET","/api/v1/incidents?page=1&size=50","200","27.76","g5-a9fe49c9-8745-415f-befd-76ed4410c9bb"
"PE-11-100-concurrent","240","GET","/api/v1/incidents?page=1&size=50","200","27.744","g5-4e43b933-cfb2-41e1-af72-8422e919479a"
"PE-11-100-concurrent","241","GET","/api/v1/incidents?page=1&size=50","200","27.747","g5-1c5fcde5-eb96-42ff-84c3-de95a7cdcd11"
"PE-11-100-concurrent","242","GET","/api/v1/incidents?page=1&size=50","200","27.75","g5-e5e4a1a1-9873-494d-8a08-abad17be98d1"
"PE-11-100-concurrent","243","GET","/api/v1/incidents?page=1&size=50","200","27.752","g5-bf633441-8ddf-414a-8caa-7f757aedeff4"
"PE-11-100-concurrent","244","GET","/api/v1/incidents?page=1&size=50","200","27.745","g5-618a7206-86f9-4946-a184-6abbd721295c"
"PE-11-100-concurrent","245","GET","/api/v1/incidents?page=1&size=50","200","27.734","g5-581cb7e8-3e7b-47f2-9ac4-0ea3b7bf5adb"
"PE-11-100-concurrent","246","GET","/api/v1/incidents?page=1&size=50","200","27.728","g5-dbfdd9a6-e277-4974-a3a8-b20f26d9bd50"
"PE-11-100-concurrent","247","GET","/api/v1/incidents?page=1&size=50","200","27.762","g5-9ed95c03-9feb-41a1-b3c1-8f01d091f396"
"PE-11-100-concurrent","248","GET","/api/v1/incidents?page=1&size=50","200","27.764","g5-78d97db2-4687-4bc6-b15d-824158615cfa"
"PE-11-100-concurrent","249","GET","/api/v1/incidents?page=1&size=50","200","27.739","g5-5dbfe50a-fe44-4bd7-83ac-077e4c88cd0b"
"PE-11-100-concurrent","250","GET","/api/v1/incidents?page=1&size=50","200","27.732","g5-16ac0644-e770-40b1-96e5-3490fae81591"
"PE-11-100-concurrent","251","GET","/api/v1/incidents?page=1&size=50","200","33.864","g5-5ccb4f3c-257a-43b3-bfb4-ea06d728f80b"
"PE-11-100-concurrent","252","GET","/api/v1/incidents?page=1&size=50","200","33.853","g5-c76124d4-178b-4902-8c12-e8059764d256"
"PE-11-100-concurrent","253","GET","/api/v1/incidents?page=1&size=50","200","33.875","g5-273895c2-6658-4134-a34d-da7cdbaa2527"
"PE-11-100-concurrent","254","GET","/api/v1/incidents?page=1&size=50","200","33.9","g5-683cf96a-8b43-432c-a22d-91baea777d13"
"PE-11-100-concurrent","255","GET","/api/v1/incidents?page=1&size=50","200","33.942","g5-5c715e4c-bf19-455c-b83b-172dbc814474"
"PE-11-100-concurrent","256","GET","/api/v1/incidents?page=1&size=50","200","33.96","g5-32ad55de-60b4-4ed8-a582-f5e05aa2b776"
"PE-11-100-concurrent","257","GET","/api/v1/incidents?page=1&size=50","200","33.99","g5-7d10d95a-316d-4daf-b049-640e83a0eee4"
"PE-11-100-concurrent","258","GET","/api/v1/incidents?page=1&size=50","200","34.013","g5-18170db1-4877-494d-9446-bb6b5267ea2e"
"PE-11-100-concurrent","259","GET","/api/v1/incidents?page=1&size=50","200","34.07","g5-fbabdf5a-1b19-4565-95de-171287ff6846"
"PE-11-100-concurrent","260","GET","/api/v1/incidents?page=1&size=50","200","34.091","g5-259302a0-4478-4626-94a5-c1f46d71c10b"
"PE-11-100-concurrent","261","GET","/api/v1/incidents?page=1&size=50","200","34.122","g5-d26b8709-c6cb-4450-afa8-73db9597f41c"
"PE-11-100-concurrent","262","GET","/api/v1/incidents?page=1&size=50","200","34.151","g5-92e30efb-5b74-40b6-9ac5-89dda5ff69b4"
"PE-11-100-concurrent","263","GET","/api/v1/incidents?page=1&size=50","200","34.169","g5-09de795e-13b7-44f0-8a05-cb240230aff2"
"PE-11-100-concurrent","264","GET","/api/v1/incidents?page=1&size=50","200","34.186","g5-1828d266-fd5d-443b-8b14-687bfe36d8d6"
"PE-11-100-concurrent","265","GET","/api/v1/incidents?page=1&size=50","200","34.207","g5-95cc84d1-f955-48ee-b2ab-97f435f2220b"
"PE-11-100-concurrent","266","GET","/api/v1/incidents?page=1&size=50","200","34.246","g5-519085e2-486d-4acd-90c8-44bdfc498b5b"
"PE-11-100-concurrent","267","GET","/api/v1/incidents?page=1&size=50","200","34.282","g5-16608d9d-af9e-4eaf-8293-94ac3820e0a1"
"PE-11-100-concurrent","268","GET","/api/v1/incidents?page=1&size=50","200","34.299","g5-abe582c3-dc43-4f7d-ba15-1a223df18e04"
"PE-11-100-concurrent","269","GET","/api/v1/incidents?page=1&size=50","200","34.34","g5-fc7f2442-a7c8-42f7-8557-759e6bce14fa"
"PE-11-100-concurrent","270","GET","/api/v1/incidents?page=1&size=50","200","34.371","g5-54b66ef2-4af5-4ca2-a645-ecfa69b2f61b"
"PE-11-100-concurrent","271","GET","/api/v1/incidents?page=1&size=50","200","34.39","g5-66fd5943-05b6-487a-9de6-61aa10823705"
"PE-11-100-concurrent","272","GET","/api/v1/incidents?page=1&size=50","200","34.419","g5-d28c2297-b5c9-4624-8e1d-9f9a6c077431"
"PE-11-100-concurrent","273","GET","/api/v1/incidents?page=1&size=50","200","34.438","g5-ab55d6e1-d06b-4fd2-8e51-f941384ab03a"
"PE-11-100-concurrent","274","GET","/api/v1/incidents?page=1&size=50","200","34.48","g5-cde81f36-af6b-4e91-ba2d-36dfb124c847"
"PE-11-100-concurrent","275","GET","/api/v1/incidents?page=1&size=50","200","34.518","g5-63e72bac-f0fe-4ce8-bd91-a8855644d348"
"PE-11-100-concurrent","276","GET","/api/v1/incidents?page=1&size=50","200","34.66","g5-5c765058-ba5f-4bb3-b23a-4ab3e66f6eca"
"PE-11-100-concurrent","277","GET","/api/v1/incidents?page=1&size=50","200","34.739","g5-398c744b-4d99-4c1e-b56c-83180fee25be"
"PE-11-100-concurrent","278","GET","/api/v1/incidents?page=1&size=50","200","34.792","g5-06cfefa0-b0f5-4c07-8d27-2bf4a0d5b4c8"
"PE-11-100-concurrent","279","GET","/api/v1/incidents?page=1&size=50","200","34.837","g5-2575be0c-5a3e-4f49-8c03-b5fc7e6b34e5"
"PE-11-100-concurrent","280","GET","/api/v1/incidents?page=1&size=50","200","34.889","g5-d6bfdeae-d474-4066-b701-cc9b367115be"
"PE-11-100-concurrent","281","GET","/api/v1/incidents?page=1&size=50","200","34.897","g5-1e7a6d78-4b29-411f-a77f-d09a32cfad0d"
"PE-11-100-concurrent","282","GET","/api/v1/incidents?page=1&size=50","200","34.933","g5-9fd9c55e-e077-4a49-be43-76b40627ea58"
"PE-11-100-concurrent","283","GET","/api/v1/incidents?page=1&size=50","200","34.99","g5-681edc07-21c2-4666-9419-5b42a80428f5"
"PE-11-100-concurrent","284","GET","/api/v1/incidents?page=1&size=50","200","35.025","g5-a6d888cd-dab5-4bca-a998-7881a354e973"
"PE-11-100-concurrent","285","GET","/api/v1/incidents?page=1&size=50","200","35.111","g5-5aa011cf-ba55-4d97-983e-e2c3df29c485"
"PE-11-100-concurrent","286","GET","/api/v1/incidents?page=1&size=50","200","35.171","g5-532f95ad-fac2-4485-a000-e0691b97bcc7"
"PE-11-100-concurrent","287","GET","/api/v1/incidents?page=1&size=50","200","35.193","g5-32c3f7f9-a0ea-470e-a0f2-8be48c8325b0"
"PE-11-100-concurrent","288","GET","/api/v1/incidents?page=1&size=50","200","35.223","g5-6b1a87df-2c73-4aeb-8261-18b29d81c956"
"PE-11-100-concurrent","289","GET","/api/v1/incidents?page=1&size=50","200","35.231","g5-666fca72-9207-428b-83be-3225bc81b562"
"PE-11-100-concurrent","290","GET","/api/v1/incidents?page=1&size=50","200","35.257","g5-cfe00f8b-d601-4011-837d-933d172aaeea"
"PE-11-100-concurrent","291","GET","/api/v1/incidents?page=1&size=50","200","35.284","g5-3847decd-a416-4887-bd79-6afe94ee082e"
"PE-11-100-concurrent","292","GET","/api/v1/incidents?page=1&size=50","200","35.314","g5-7b1adc3b-d195-45ba-bbd2-03fb3d4aae84"
"PE-11-100-concurrent","293","GET","/api/v1/incidents?page=1&size=50","200","35.338","g5-f37cce70-7f08-4d09-b4db-6378db1a82a4"
"PE-11-100-concurrent","294","GET","/api/v1/incidents?page=1&size=50","200","35.363","g5-29d04410-7c5a-4925-be14-d931a4af145f"
"PE-11-100-concurrent","295","GET","/api/v1/incidents?page=1&size=50","200","35.382","g5-d2d5e0d7-8a11-4fb2-8da1-0c45a4e4ac41"
"PE-11-100-concurrent","296","GET","/api/v1/incidents?page=1&size=50","200","35.428","g5-c5f4ed17-8801-4c54-a917-4a72365e969b"
"PE-11-100-concurrent","297","GET","/api/v1/incidents?page=1&size=50","200","35.457","g5-be8fef94-c041-48f5-ac44-226ac738a54e"
"PE-11-100-concurrent","298","GET","/api/v1/incidents?page=1&size=50","200","35.472","g5-8ff8ffc1-ff16-421f-a774-c68650392c68"
"PE-11-100-concurrent","299","GET","/api/v1/incidents?page=1&size=50","200","35.485","g5-69a982e4-070f-46f0-8c10-f5be94804a55"
"PE-11-100-concurrent","300","GET","/api/v1/incidents?page=1&size=50","200","35.495","g5-6a444d79-0aaf-4730-b185-32b9c9556092"
"PE-02-alert-ingest","1","POST","/integration/v1/alerts/iot","200","14.002","g5-0d83d638-f20b-4c8f-a77b-6ec2da82fb48"
"PE-02-alert-ingest","2","POST","/integration/v1/alerts/iot","200","13.64","g5-21589d79-953a-4eed-8c21-80fc83ef0c76"
"PE-02-alert-ingest","3","POST","/integration/v1/alerts/iot","200","13.626","g5-ed6e7cba-f494-4d88-9e4b-2fe323809c1a"
"PE-02-alert-ingest","4","POST","/integration/v1/alerts/iot","200","13.626","g5-662ea4fd-f7f5-4401-9622-5d663ae575dd"
"PE-02-alert-ingest","5","POST","/integration/v1/alerts/iot","200","13.632","g5-870aecb9-0db1-4d5f-8a32-1effece5d70f"
"PE-02-alert-ingest","6","POST","/integration/v1/alerts/iot","200","13.664","g5-5bfcc4d1-64b0-48e8-8c79-9be51791367a"
"PE-02-alert-ingest","7","POST","/integration/v1/alerts/iot","200","13.691","g5-897cedb3-c115-429d-9ebe-2e7b3a07e772"
"PE-02-alert-ingest","8","POST","/integration/v1/alerts/iot","200","13.737","g5-7aa62a3f-9b34-4557-88ce-4e858747f39e"
"PE-02-alert-ingest","9","POST","/integration/v1/alerts/iot","200","13.764","g5-ce58780d-cbdb-4d44-a5c5-47b0a9c6351c"
"PE-02-alert-ingest","10","POST","/integration/v1/alerts/iot","200","13.756","g5-d1d9b386-90d9-47dd-be96-b987e20bd530"
"PE-02-alert-ingest","11","POST","/integration/v1/alerts/iot","200","13.759","g5-8c02e665-ca81-49a1-a579-6bf24b1d3a8c"
"PE-02-alert-ingest","12","POST","/integration/v1/alerts/iot","200","13.761","g5-e2ba3c5a-4488-4dc8-a4c0-f6133887489e"
"PE-02-alert-ingest","13","POST","/integration/v1/alerts/iot","200","13.771","g5-f85e148c-ce95-42b6-8920-a412d963be7a"
"PE-02-alert-ingest","14","POST","/integration/v1/alerts/iot","200","13.819","g5-e0217236-d8b0-45ad-aa63-7a5804c03ae5"
"PE-02-alert-ingest","15","POST","/integration/v1/alerts/iot","200","13.858","g5-3ff781bc-5c3f-4900-b6e1-8c650a6fea38"
"PE-02-alert-ingest","16","POST","/integration/v1/alerts/iot","200","13.9","g5-f8abb09e-ec72-488b-a2e2-cc2ce98fd0f4"
"PE-02-alert-ingest","17","POST","/integration/v1/alerts/iot","200","13.954","g5-b7ab426a-c2a6-43da-b73c-4f04a441df4d"
"PE-02-alert-ingest","18","POST","/integration/v1/alerts/iot","200","14.358","g5-2e116d7a-983d-471e-8191-16ac979ff5c2"
"PE-02-alert-ingest","19","POST","/integration/v1/alerts/iot","200","14.403","g5-765a6afc-60b8-4024-ab8c-c301fca1f365"
"PE-02-alert-ingest","20","POST","/integration/v1/alerts/iot","200","14.443","g5-b1075977-fc1d-4e7b-8c9a-a954aa93934a"
"PE-02-alert-ingest","21","POST","/integration/v1/alerts/iot","200","8.281","g5-4dd1eafa-70a4-41f0-897c-afb0ff381d6d"
"PE-02-alert-ingest","22","POST","/integration/v1/alerts/iot","200","8.187","g5-d7d68322-4e9f-4356-bebb-f68c6002226f"
"PE-02-alert-ingest","23","POST","/integration/v1/alerts/iot","200","8.208","g5-12bdad9d-1506-4f77-91a9-6639f5cf9e67"
"PE-02-alert-ingest","24","POST","/integration/v1/alerts/iot","200","8.2","g5-4aca365e-4bd9-4e6b-899a-89ca8dc76964"
"PE-02-alert-ingest","25","POST","/integration/v1/alerts/iot","200","8.219","g5-b094e861-f880-4503-8a6f-5b59c5909e35"
"PE-02-alert-ingest","26","POST","/integration/v1/alerts/iot","200","8.204","g5-5ee5ce13-c7d8-4ce6-ab39-eb375a6be812"
"PE-02-alert-ingest","27","POST","/integration/v1/alerts/iot","200","8.224","g5-62914d72-bbce-4a23-8240-11f22b247acc"
"PE-02-alert-ingest","28","POST","/integration/v1/alerts/iot","200","8.234","g5-01d70e81-4b54-45e0-b081-d17a36359963"
"PE-02-alert-ingest","29","POST","/integration/v1/alerts/iot","200","8.256","g5-70de6791-0b81-449f-820e-ad42006129cd"
"PE-02-alert-ingest","30","POST","/integration/v1/alerts/iot","200","8.278","g5-a7eec398-cea4-4b33-a65e-cb910d003dd0"
"PE-02-alert-ingest","31","POST","/integration/v1/alerts/iot","200","8.302","g5-5d45a893-931e-4bb5-9c39-4fb0db657400"
"PE-02-alert-ingest","32","POST","/integration/v1/alerts/iot","200","8.328","g5-dc2e27b6-4e4c-4b94-a481-0ab6febb4c03"
"PE-02-alert-ingest","33","POST","/integration/v1/alerts/iot","200","8.353","g5-cf3b6ce3-9197-4df1-ac56-1094df2b2bd8"
"PE-02-alert-ingest","34","POST","/integration/v1/alerts/iot","200","8.378","g5-098293a7-66af-4a5f-b9b4-35cbf23cf37d"
"PE-02-alert-ingest","35","POST","/integration/v1/alerts/iot","200","8.404","g5-75d336d4-58cd-4a68-9644-72c9d92c4b0a"
"PE-02-alert-ingest","36","POST","/integration/v1/alerts/iot","200","8.428","g5-b041f651-508d-4b6e-896b-8c99a000508f"
"PE-02-alert-ingest","37","POST","/integration/v1/alerts/iot","200","8.452","g5-36b6fb8f-b21b-4058-8a50-c058e5343820"
"PE-02-alert-ingest","38","POST","/integration/v1/alerts/iot","200","8.486","g5-fb0706ca-1197-45b8-9c4b-b266af63d19d"
"PE-02-alert-ingest","39","POST","/integration/v1/alerts/iot","200","8.51","g5-278d76cf-4bf3-44be-9919-ab7c5bfc9203"
"PE-02-alert-ingest","40","POST","/integration/v1/alerts/iot","200","8.551","g5-6bd276c5-7746-44a7-a1e0-34143448b9ea"
"PE-02-alert-ingest","41","POST","/integration/v1/alerts/iot","200","11.38","g5-303f7f23-e09b-433f-99bb-1807172d6ef0"
"PE-02-alert-ingest","42","POST","/integration/v1/alerts/iot","200","11.352","g5-ae8842fc-b4db-4d66-9cf7-582a4320a475"
"PE-02-alert-ingest","43","POST","/integration/v1/alerts/iot","200","11.373","g5-e3c61e41-e7e9-43dd-bd41-ca4bf6937f3a"
"PE-02-alert-ingest","44","POST","/integration/v1/alerts/iot","200","11.388","g5-10cf41b8-3abe-400a-a36c-ba6187da2fed"
"PE-02-alert-ingest","45","POST","/integration/v1/alerts/iot","200","11.412","g5-b40e877a-7db5-4b6b-94de-fd1597a7b74f"
"PE-02-alert-ingest","46","POST","/integration/v1/alerts/iot","200","11.437","g5-db42351a-7a58-4444-81cc-77054bfa8797"
"PE-02-alert-ingest","47","POST","/integration/v1/alerts/iot","200","11.464","g5-d3a97fc0-4b4d-4ed0-ae27-269264b79359"
"PE-02-alert-ingest","48","POST","/integration/v1/alerts/iot","200","11.472","g5-f2aacdd5-6d51-408c-a175-2bf9ccb1dffc"
"PE-02-alert-ingest","49","POST","/integration/v1/alerts/iot","200","11.506","g5-9bfdbdcd-553e-4aeb-8f6a-a87bed2a431d"
"PE-02-alert-ingest","50","POST","/integration/v1/alerts/iot","200","11.525","g5-be56bee4-64d2-4f93-8c9c-50cd01ed0d39"
"PE-02-alert-ingest","51","POST","/integration/v1/alerts/iot","200","11.548","g5-2b9f3d43-0d1b-4f95-acd6-87c828715680"
"PE-02-alert-ingest","52","POST","/integration/v1/alerts/iot","200","11.566","g5-838577df-88bf-496c-9b6f-39f991cd1546"
"PE-02-alert-ingest","53","POST","/integration/v1/alerts/iot","200","11.595","g5-3eab22ff-31f3-434d-a964-2287aeb4c3de"
"PE-02-alert-ingest","54","POST","/integration/v1/alerts/iot","200","11.622","g5-c091c6a9-be40-40bf-858b-10ce0bc05cc2"
"PE-02-alert-ingest","55","POST","/integration/v1/alerts/iot","200","11.625","g5-ce90c6f0-92de-4ce7-bb6a-0b4a42b7f68e"
"PE-02-alert-ingest","56","POST","/integration/v1/alerts/iot","200","11.647","g5-d7614150-97e3-48c9-9605-a85e0ca40e4d"
"PE-02-alert-ingest","57","POST","/integration/v1/alerts/iot","200","11.673","g5-64597ced-e36a-41fd-9f05-9644e5db48ee"
"PE-02-alert-ingest","58","POST","/integration/v1/alerts/iot","200","11.698","g5-42c7e2f0-2f6f-4d5b-9209-174e02315020"
"PE-02-alert-ingest","59","POST","/integration/v1/alerts/iot","200","11.724","g5-a8acfeda-44cf-481c-a4fb-bfa14601b0b9"
"PE-02-alert-ingest","60","POST","/integration/v1/alerts/iot","200","11.75","g5-07749677-0bc9-462b-935e-501439965bbf"
"PE-09-attendance-check-in","1","POST","/api/v1/attendance/check-ins","200","3.252","g5-dce8b74a-aa31-48dc-a3d6-00b573599c2c"
"PE-09-attendance-check-in","2","POST","/api/v1/attendance/check-ins","200","3.283","g5-b1325d56-d782-4cce-8801-fa53e0dd3389"
"PE-09-attendance-check-in","3","POST","/api/v1/attendance/check-ins","200","3.333","g5-b944b15e-e5a2-408a-b6fb-d5e614594ac8"
"PE-09-attendance-check-in","4","POST","/api/v1/attendance/check-ins","200","3.367","g5-3627da4c-e1b9-4bf4-b9cc-e6e849a4d15f"
"PE-09-attendance-check-in","5","POST","/api/v1/attendance/check-ins","200","3.387","g5-1465460a-9c5c-49c9-9974-787cd64cd58a"
"PE-09-attendance-check-in","6","POST","/api/v1/attendance/check-ins","200","3.408","g5-9781223a-6b6f-4981-a312-115abbc58f11"
"PE-09-attendance-check-in","7","POST","/api/v1/attendance/check-ins","200","3.429","g5-b4cfbdb1-f18f-417c-9494-f3e3b67dd94f"
"PE-09-attendance-check-in","8","POST","/api/v1/attendance/check-ins","200","3.451","g5-3a2d6139-4cfd-476e-87ad-e81ef9feb069"
"PE-09-attendance-check-in","9","POST","/api/v1/attendance/check-ins","200","3.472","g5-32b8e9e3-1167-4100-b082-6670149ec0f2"
"PE-09-attendance-check-in","10","POST","/api/v1/attendance/check-ins","200","3.491","g5-10db83de-a53c-4bb7-be38-69e969c293cc"
"PE-09-attendance-check-in","11","POST","/api/v1/attendance/check-ins","200","3.225","g5-4105ce2f-e881-4743-99ad-14dda9a9967e"
"PE-09-attendance-check-in","12","POST","/api/v1/attendance/check-ins","200","3.232","g5-a73ec29b-555f-4dfd-acf2-57464f9ef1f7"
"PE-09-attendance-check-in","13","POST","/api/v1/attendance/check-ins","200","3.251","g5-db7215f9-f1d8-4408-bde3-cfdf48ce21e1"
"PE-09-attendance-check-in","14","POST","/api/v1/attendance/check-ins","200","3.282","g5-e54a13f1-702c-4563-9998-d34ed21fc582"
"PE-09-attendance-check-in","15","POST","/api/v1/attendance/check-ins","200","3.32","g5-30d2f34b-d3ba-4143-8fd4-fba09884e795"
"PE-09-attendance-check-in","16","POST","/api/v1/attendance/check-ins","200","3.354","g5-8e72bb8d-e843-4194-9257-17dfd72f0467"
"PE-09-attendance-check-in","17","POST","/api/v1/attendance/check-ins","200","3.38","g5-56d68288-e876-4ce1-8b58-a011ebad8eae"
"PE-09-attendance-check-in","18","POST","/api/v1/attendance/check-ins","200","3.406","g5-6860097e-153e-4c01-b41d-7ba634645128"
"PE-09-attendance-check-in","19","POST","/api/v1/attendance/check-ins","200","3.43","g5-2d1710d8-4f69-4f32-928f-1577ac09b511"
"PE-09-attendance-check-in","20","POST","/api/v1/attendance/check-ins","200","3.46","g5-b113e40c-d31f-4d6a-a7d1-f4a6eabfb3ab"
"PE-09-attendance-check-in","21","POST","/api/v1/attendance/check-ins","200","3.182","g5-f216770c-5695-4024-9a2e-c32261eced4a"
"PE-09-attendance-check-in","22","POST","/api/v1/attendance/check-ins","200","3.187","g5-18a5ce02-c09f-48f1-823d-e2adb84f92d8"
"PE-09-attendance-check-in","23","POST","/api/v1/attendance/check-ins","200","3.204","g5-56cdfae4-2b99-4ee4-936a-2424ce60cfea"
"PE-09-attendance-check-in","24","POST","/api/v1/attendance/check-ins","200","3.223","g5-ea198c9c-d5dd-4086-b350-071b9953c507"
"PE-09-attendance-check-in","25","POST","/api/v1/attendance/check-ins","200","3.267","g5-4e77d40d-ce30-405f-aaea-47eab0ac64cc"
"PE-09-attendance-check-in","26","POST","/api/v1/attendance/check-ins","200","3.294","g5-909bd143-b4ce-47dc-a85e-fd6442303a87"
"PE-09-attendance-check-in","27","POST","/api/v1/attendance/check-ins","200","3.318","g5-9ead96bd-dd1c-46b1-9690-e6aacbc9d44b"
"PE-09-attendance-check-in","28","POST","/api/v1/attendance/check-ins","200","3.359","g5-1c09c4c8-5e2a-44ae-989d-5c044cce161c"
"PE-09-attendance-check-in","29","POST","/api/v1/attendance/check-ins","200","3.386","g5-a0f0d900-bdcd-4cc3-8e6e-48d23127a7ea"
"PE-09-attendance-check-in","30","POST","/api/v1/attendance/check-ins","200","3.408","g5-ff7b5f07-e2f6-4584-ac78-86d960ce6cf6"
"PE-09-attendance-check-in","31","POST","/api/v1/attendance/check-ins","200","3.57","g5-1277c3d5-e301-486d-aa59-bdff6c26b16f"
"PE-09-attendance-check-in","32","POST","/api/v1/attendance/check-ins","200","3.572","g5-4cfa764c-bd2b-461f-a298-684528f68789"
"PE-09-attendance-check-in","33","POST","/api/v1/attendance/check-ins","200","3.582","g5-116be6fc-4788-4521-86b0-0eb038eb7a08"
"PE-09-attendance-check-in","34","POST","/api/v1/attendance/check-ins","200","3.572","g5-11476f4b-5b35-4730-8596-94f2d05c952e"
"PE-09-attendance-check-in","35","POST","/api/v1/attendance/check-ins","200","3.588","g5-190a29d2-d64e-4fcc-937e-03dca9a4545c"
"PE-09-attendance-check-in","36","POST","/api/v1/attendance/check-ins","200","3.593","g5-8c8de07b-1252-49f7-82a7-811cb56ba379"
"PE-09-attendance-check-in","37","POST","/api/v1/attendance/check-ins","200","3.616","g5-e0af243d-7ce3-4a93-ae0a-99f69fa5b62b"
"PE-09-attendance-check-in","38","POST","/api/v1/attendance/check-ins","200","3.627","g5-44c3103a-eb7e-452b-84ea-9c484213c3a9"
"PE-09-attendance-check-in","39","POST","/api/v1/attendance/check-ins","200","3.65","g5-d32269f0-ec5d-43d1-acb5-60e1b38df031"
"PE-09-attendance-check-in","40","POST","/api/v1/attendance/check-ins","200","3.697","g5-b4c0a87f-b190-4b5b-b54b-33b8a5eeb8f1"
"PE-05-position-processing","1","DIRECT_SERVICE","sprint2Service.recordPosition","200","0.181","g5-position-0"
"PE-05-position-processing","2","DIRECT_SERVICE","sprint2Service.recordPosition","200","0.022","g5-position-1"
"PE-05-position-processing","3","DIRECT_SERVICE","sprint2Service.recordPosition","200","0.03","g5-position-2"
"PE-05-position-processing","4","DIRECT_SERVICE","sprint2Service.recordPosition","200","0.044","g5-position-3"
"PE-05-position-processing","5","DIRECT_SERVICE","sprint2Service.recordPosition","200","0.016","g5-position-4"
"PE-05-position-processing","6","DIRECT_SERVICE","sprint2Service.recordPosition","200","0.014","g5-position-5"
"PE-05-position-processing","7","DIRECT_SERVICE","sprint2Service.recordPosition","200","0.013","g5-position-6"
"PE-05-position-processing","8","DIRECT_SERVICE","sprint2Service.recordPosition","200","0.013","g5-position-7"
"PE-05-position-processing","9","DIRECT_SERVICE","sprint2Service.recordPosition","200","0.021","g5-position-8"
"PE-05-position-processing","10","DIRECT_SERVICE","sprint2Service.recordPosition","200","0.022","g5-position-9"
"PE-05-position-processing","11","DIRECT_SERVICE","sprint2Service.recordPosition","200","0.015","g5-position-10"
"PE-05-position-processing","12","DIRECT_SERVICE","sprint2Service.recordPosition","200","0.013","g5-position-11"
"PE-05-position-processing","13","DIRECT_SERVICE","sprint2Service.recordPosition","200","0.012","g5-position-12"
"PE-05-position-processing","14","DIRECT_SERVICE","sprint2Service.recordPosition","200","0.014","g5-position-13"
"PE-05-position-processing","15","DIRECT_SERVICE","sprint2Service.recordPosition","200","0.014","g5-position-14"
"PE-05-position-processing","16","DIRECT_SERVICE","sprint2Service.recordPosition","200","0.012","g5-position-15"
"PE-05-position-processing","17","DIRECT_SERVICE","sprint2Service.recordPosition","200","0.012","g5-position-16"
"PE-05-position-processing","18","DIRECT_SERVICE","sprint2Service.recordPosition","200","0.012","g5-position-17"
"PE-05-position-processing","19","DIRECT_SERVICE","sprint2Service.recordPosition","200","0.012","g5-position-18"
"PE-05-position-processing","20","DIRECT_SERVICE","sprint2Service.recordPosition","200","0.012","g5-position-19"
"PE-05-position-processing","21","DIRECT_SERVICE","sprint2Service.recordPosition","200","0.012","g5-position-20"
"PE-05-position-processing","22","DIRECT_SERVICE","sprint2Service.recordPosition","200","0.011","g5-position-21"
"PE-05-position-processing","23","DIRECT_SERVICE","sprint2Service.recordPosition","200","0.012","g5-position-22"
"PE-05-position-processing","24","DIRECT_SERVICE","sprint2Service.recordPosition","200","0.012","g5-position-23"
"PE-05-position-processing","25","DIRECT_SERVICE","sprint2Service.recordPosition","200","0.012","g5-position-24"
"PE-05-position-processing","26","DIRECT_SERVICE","sprint2Service.recordPosition","200","0.012","g5-position-25"
"PE-05-position-processing","27","DIRECT_SERVICE","sprint2Service.recordPosition","200","0.012","g5-position-26"
"PE-05-position-processing","28","DIRECT_SERVICE","sprint2Service.recordPosition","200","0.011","g5-position-27"
"PE-05-position-processing","29","DIRECT_SERVICE","sprint2Service.recordPosition","200","0.011","g5-position-28"
"PE-05-position-processing","30","DIRECT_SERVICE","sprint2Service.recordPosition","200","0.012","g5-position-29"
"PE-05-position-processing","31","DIRECT_SERVICE","sprint2Service.recordPosition","200","0.012","g5-position-30"
"PE-05-position-processing","32","DIRECT_SERVICE","sprint2Service.recordPosition","200","0.012","g5-position-31"
"PE-05-position-processing","33","DIRECT_SERVICE","sprint2Service.recordPosition","200","0.012","g5-position-32"
"PE-05-position-processing","34","DIRECT_SERVICE","sprint2Service.recordPosition","200","0.012","g5-position-33"
"PE-05-position-processing","35","DIRECT_SERVICE","sprint2Service.recordPosition","200","0.011","g5-position-34"
"PE-05-position-processing","36","DIRECT_SERVICE","sprint2Service.recordPosition","200","0.011","g5-position-35"
"PE-05-position-processing","37","DIRECT_SERVICE","sprint2Service.recordPosition","200","0.011","g5-position-36"
"PE-05-position-processing","38","DIRECT_SERVICE","sprint2Service.recordPosition","200","0.012","g5-position-37"
"PE-05-position-processing","39","DIRECT_SERVICE","sprint2Service.recordPosition","200","0.011","g5-position-38"
"PE-05-position-processing","40","DIRECT_SERVICE","sprint2Service.recordPosition","200","0.011","g5-position-39"
"PE-01-PE-03-response-start","1","POST","/api/v1/incidents/62e67e56-3a87-43d2-9623-dc98ea0e6c7c/start-response","200","1.044","g5-99f68015-4035-484a-9254-75470adbb6fb"
"PE-01-PE-03-response-start","2","POST","/api/v1/incidents/40bcee2e-f9ad-452a-8f31-2c5f45ad5141/start-response","200","0.542","g5-553e82c8-0f0d-4e07-a8bc-2aab2b6468f1"
"PE-01-PE-03-response-start","3","POST","/api/v1/incidents/ac51b509-fce5-4739-bab2-45c6eb1a9edb/start-response","200","0.531","g5-238157c2-5dd6-4aad-badd-861ada878acd"
"PE-01-PE-03-response-start","4","POST","/api/v1/incidents/badab9f2-0142-42af-8356-3ee3287aaba5/start-response","200","0.509","g5-6e2a4e7d-2741-4a50-89b4-48babe4dc8fb"
"PE-01-PE-03-response-start","5","POST","/api/v1/incidents/d5cc14ad-15e4-4538-86f1-9eba4f46f6bf/start-response","200","0.525","g5-ce40f44c-69c3-4e29-be80-ebd01d329452"
"PE-01-PE-03-response-start","6","POST","/api/v1/incidents/8b43c950-cf38-44fb-a6a2-69cf5a82e160/start-response","200","0.559","g5-0bd9368a-c2f3-4cee-9c64-4575bbaed1cb"
"PE-01-PE-03-response-start","7","POST","/api/v1/incidents/8a69d723-9231-4e40-ba7a-af8343fce66e/start-response","200","0.59","g5-1fa984ca-d98e-4f93-906a-fe4d98d035bd"
"PE-01-PE-03-response-start","8","POST","/api/v1/incidents/29c28705-4a1c-46d4-9df2-ae593f39d2d7/start-response","200","0.692","g5-69f1ac25-68f3-4057-a256-703faa378581"
"PE-01-PE-03-response-start","9","POST","/api/v1/incidents/ec805000-4127-4467-a3a1-c131f7fa0197/start-response","200","2.331","g5-2d8a8db7-6219-4d87-917a-00452d8176a2"
"PE-01-PE-03-response-start","10","POST","/api/v1/incidents/4db50f41-4255-48d1-907b-59be795f59a2/start-response","200","0.541","g5-a52a2887-cd0c-4059-98fb-c5d7a07b1284"
"PE-01-PE-03-response-start","11","POST","/api/v1/incidents/9b52be44-de50-4c41-b58a-95ba43a1e45b/start-response","200","0.502","g5-76a51c3e-143d-4927-9c05-2651245cbc10"
"PE-01-PE-03-response-start","12","POST","/api/v1/incidents/4b4a6d3e-701f-4599-a180-090f557c65f0/start-response","200","0.52","g5-49c673c8-e9e4-4f34-85df-623e1a16ef5d"
"PE-01-PE-03-response-start","13","POST","/api/v1/incidents/66f64b15-9d12-4ec8-bd6c-85ba7d12efb2/start-response","200","0.487","g5-a105d93f-b5b4-423d-8d33-468e77bbfead"
"PE-01-PE-03-response-start","14","POST","/api/v1/incidents/af2572bb-f7ab-4cae-873f-d500447be4a8/start-response","200","0.502","g5-d91fd87e-3ac5-49e9-a760-ae2b0fff041c"
"PE-01-PE-03-response-start","15","POST","/api/v1/incidents/4bde5a07-eb27-4bf8-af7d-a7129042ef88/start-response","200","0.475","g5-c664bfe6-4876-4985-a1e6-5a693f2e3e0e"
"PE-01-PE-03-response-start","16","POST","/api/v1/incidents/a4a7ad7b-a515-408b-aed7-37a0836fd37e/start-response","200","0.48","g5-22d638b7-04e9-42e1-bf24-62a0fd501829"
"PE-01-PE-03-response-start","17","POST","/api/v1/incidents/fcc5840e-cdc7-4280-94cf-5fd9f7c398ec/start-response","200","0.505","g5-9e90ecec-a842-4e0b-bf69-32d1f1af4f5d"
"PE-01-PE-03-response-start","18","POST","/api/v1/incidents/db920226-939f-4d5c-aa92-e17f942e5c88/start-response","200","0.936","g5-c5735356-289b-4ea8-993d-3f5d818c41de"
"PE-01-PE-03-response-start","19","POST","/api/v1/incidents/5ef67f30-de62-42a8-95d9-a5c3099db2f1/start-response","200","0.5","g5-021fb6a1-3cfc-4e43-be00-01a68b1c1816"
"PE-01-PE-03-response-start","20","POST","/api/v1/incidents/929ef09d-b2a9-4cf5-8ff3-9d23f7bb6bac/start-response","200","0.495","g5-569d5b83-f331-4dfb-8d19-f22f4a5205ce"
"PE-08-resource-map-api","1","GET","/api/v1/situation/resource-map","200","6.599","g5-51be14a3-1540-46ba-8dce-8f768e3e4d19"
"PE-08-resource-map-api","2","GET","/api/v1/situation/resource-map","200","6.67","g5-958fdfc8-7ce6-49cc-971e-84ea1594b806"
"PE-08-resource-map-api","3","GET","/api/v1/situation/resource-map","200","6.723","g5-59458c8f-5d9b-4487-8bf6-e2e8eafaa795"
"PE-08-resource-map-api","4","GET","/api/v1/situation/resource-map","200","6.784","g5-f3b7c8ba-0a71-4670-bb23-6c3bd637f048"
"PE-08-resource-map-api","5","GET","/api/v1/situation/resource-map","200","6.823","g5-26c80871-4772-42a2-a9ee-db9c159c5c27"
"PE-08-resource-map-api","6","GET","/api/v1/situation/resource-map","200","6.866","g5-93a87a18-05ef-4585-a4e2-a1d95e65ca1c"
"PE-08-resource-map-api","7","GET","/api/v1/situation/resource-map","200","6.915","g5-3425657a-b68a-409b-b3ea-3d6eeab64225"
"PE-08-resource-map-api","8","GET","/api/v1/situation/resource-map","200","6.966","g5-12be965a-985d-400a-9248-1ae4fedbec02"
"PE-08-resource-map-api","9","GET","/api/v1/situation/resource-map","200","7.155","g5-358901c1-6dcc-4e2a-a603-5cf3f38e79b4"
"PE-08-resource-map-api","10","GET","/api/v1/situation/resource-map","200","7.102","g5-b07a574d-24e1-4fdf-b8f9-af6fce62f133"
"PE-08-resource-map-api","11","GET","/api/v1/situation/resource-map","200","7.133","g5-3865aa64-3c95-4182-a99e-fceb4a49c93d"
"PE-08-resource-map-api","12","GET","/api/v1/situation/resource-map","200","7.174","g5-e17c40c3-e5a6-46a1-a8ef-391c1f945415"
"PE-08-resource-map-api","13","GET","/api/v1/situation/resource-map","200","7.233","g5-c49f88dc-d4d0-4cc6-8196-aa98ce58692e"
"PE-08-resource-map-api","14","GET","/api/v1/situation/resource-map","200","7.285","g5-9adf41a4-cda5-4070-92bd-558907a10b89"
"PE-08-resource-map-api","15","GET","/api/v1/situation/resource-map","200","7.329","g5-94b01465-871f-4223-81ad-b6894ac0466f"
"PE-08-resource-map-api","16","GET","/api/v1/situation/resource-map","200","7.386","g5-ed94c608-24a1-4ddb-a81a-bee42ed97958"
"PE-08-resource-map-api","17","GET","/api/v1/situation/resource-map","200","7.425","g5-71dec516-6419-47c7-b26b-5613297a5daf"
"PE-08-resource-map-api","18","GET","/api/v1/situation/resource-map","200","7.492","g5-674666d6-fe80-42eb-b8c6-73ea02bb8693"
"PE-08-resource-map-api","19","GET","/api/v1/situation/resource-map","200","8.052","g5-83698d5e-3060-4b88-92d6-49b30edacf01"
"PE-08-resource-map-api","20","GET","/api/v1/situation/resource-map","200","8.12","g5-72363f93-e61e-4a95-a202-c9491ee45b45"
"PE-08-resource-map-api","21","GET","/api/v1/situation/resource-map","200","6.707","g5-467f492a-b7e4-4f97-b143-e934b01b36b9"
"PE-08-resource-map-api","22","GET","/api/v1/situation/resource-map","200","6.735","g5-501e02bc-8ab4-4bb5-b21d-2067c7cc6ba9"
"PE-08-resource-map-api","23","GET","/api/v1/situation/resource-map","200","6.817","g5-4eeaa41d-b2e0-4756-b99a-4f7311b3c601"
"PE-08-resource-map-api","24","GET","/api/v1/situation/resource-map","200","6.869","g5-8884ed28-6e40-4faf-9e5e-42c2ba6face9"
"PE-08-resource-map-api","25","GET","/api/v1/situation/resource-map","200","6.924","g5-80b46f33-a43a-4391-b7e6-f3d7b073c8e8"
"PE-08-resource-map-api","26","GET","/api/v1/situation/resource-map","200","6.978","g5-b5c0cf30-3145-4bd2-9aff-f0402b5eeaba"
"PE-08-resource-map-api","27","GET","/api/v1/situation/resource-map","200","7.065","g5-755b2a3f-b310-4beb-915d-c6e7b5681c43"
"PE-08-resource-map-api","28","GET","/api/v1/situation/resource-map","200","7.112","g5-024d7a74-9a9c-437d-b2cc-828ccd1ff880"
"PE-08-resource-map-api","29","GET","/api/v1/situation/resource-map","200","7.167","g5-4fe01780-b8fb-4046-8db0-cee4937d7d53"
"PE-08-resource-map-api","30","GET","/api/v1/situation/resource-map","200","7.221","g5-1221d1c1-e825-4b8a-8191-4e64390271f8"
"PE-08-resource-map-api","31","GET","/api/v1/situation/resource-map","200","7.274","g5-699e0c03-0bb3-4b7d-b735-d74e6a576111"
"PE-08-resource-map-api","32","GET","/api/v1/situation/resource-map","200","7.328","g5-ec94400c-f954-4878-b7df-4aca937eb80e"
"PE-08-resource-map-api","33","GET","/api/v1/situation/resource-map","200","7.415","g5-631d99e1-5632-4ca1-a8cd-9bd23c0bcbca"
"PE-08-resource-map-api","34","GET","/api/v1/situation/resource-map","200","7.469","g5-2d14387f-6391-4838-9c40-be777732b418"
"PE-08-resource-map-api","35","GET","/api/v1/situation/resource-map","200","7.522","g5-f2ecf919-8b89-492a-aba2-312ad2aeddd7"
"PE-08-resource-map-api","36","GET","/api/v1/situation/resource-map","200","7.572","g5-dac14c94-6656-4d98-a0f5-5567dd07e31f"
"PE-08-resource-map-api","37","GET","/api/v1/situation/resource-map","200","7.621","g5-1a562bdf-d4bd-4124-a219-a04c193073c4"
"PE-08-resource-map-api","38","GET","/api/v1/situation/resource-map","200","7.672","g5-e3d45330-a01c-41e9-b90b-a1451ba6b6a3"
"PE-08-resource-map-api","39","GET","/api/v1/situation/resource-map","200","7.723","g5-5e0f70b6-0551-406d-8a38-a3a2b42e7dc0"
"PE-08-resource-map-api","40","GET","/api/v1/situation/resource-map","200","7.76","g5-d84a86b5-9ed4-4cb0-b4b5-4ce3a7c5286b"
"PE-08-resource-map-api","41","GET","/api/v1/situation/resource-map","200","6.074","g5-cf6a6625-fb6c-47d6-b9ad-70038c68f6f9"
"PE-08-resource-map-api","42","GET","/api/v1/situation/resource-map","200","6.127","g5-e073b7e9-3c78-46ef-99fa-deb8d94ab3d2"
"PE-08-resource-map-api","43","GET","/api/v1/situation/resource-map","200","6.15","g5-6f33afca-49a9-4787-a407-4bf887aa664d"
"PE-08-resource-map-api","44","GET","/api/v1/situation/resource-map","200","6.196","g5-95247aa8-3ea0-4a0c-a913-c20d3d924017"
"PE-08-resource-map-api","45","GET","/api/v1/situation/resource-map","200","6.26","g5-731287b6-3100-4176-9a66-2df17d0e01f0"
"PE-08-resource-map-api","46","GET","/api/v1/situation/resource-map","200","6.342","g5-4677a779-fa1b-4f84-abe8-992b55348b05"
"PE-08-resource-map-api","47","GET","/api/v1/situation/resource-map","200","6.383","g5-2b228b2a-481c-456d-b465-473b6bf0b2b1"
"PE-08-resource-map-api","48","GET","/api/v1/situation/resource-map","200","6.436","g5-594c8f49-4bb5-4f54-8f24-341406255d0c"
"PE-08-resource-map-api","49","GET","/api/v1/situation/resource-map","200","6.487","g5-1bc49ebc-f6d5-4dca-b6b3-2227a7f24d3c"
"PE-08-resource-map-api","50","GET","/api/v1/situation/resource-map","200","6.533","g5-abf773a3-2dfd-4b68-995a-02f6b024d244"
"PE-08-resource-map-api","51","GET","/api/v1/situation/resource-map","200","6.584","g5-f819d8b4-3994-4ddb-9866-0250ed49b762"
"PE-08-resource-map-api","52","GET","/api/v1/situation/resource-map","200","6.663","g5-18ed758f-1fbd-4fa9-8214-a01a9eb9221b"
"PE-08-resource-map-api","53","GET","/api/v1/situation/resource-map","200","6.713","g5-cc3c3a45-6afb-4c77-889c-aa80af3ef06f"
"PE-08-resource-map-api","54","GET","/api/v1/situation/resource-map","200","6.764","g5-8dc00325-0747-45da-a379-2c40ef8e8725"
"PE-08-resource-map-api","55","GET","/api/v1/situation/resource-map","200","6.814","g5-1f7d6c60-f545-4d21-a3da-5a9dd4655bef"
"PE-08-resource-map-api","56","GET","/api/v1/situation/resource-map","200","6.859","g5-0bf3ffcf-81d5-467f-a9a7-7000f9201310"
"PE-08-resource-map-api","57","GET","/api/v1/situation/resource-map","200","6.912","g5-01fcc2bc-fd2c-462e-9462-83f24e86d161"
"PE-08-resource-map-api","58","GET","/api/v1/situation/resource-map","200","6.958","g5-71180902-57cf-42d0-a7c4-676875c95b64"
"PE-08-resource-map-api","59","GET","/api/v1/situation/resource-map","200","7.007","g5-9c0f8f37-0b65-4274-92ed-99e8ee501e0e"
"PE-08-resource-map-api","60","GET","/api/v1/situation/resource-map","200","7.057","g5-71df1692-f1b0-4a0e-9568-e27df781c90d"
"PE-08-resource-map-api","61","GET","/api/v1/situation/resource-map","200","7.327","g5-bb0113cb-4c4f-4c24-9031-61ee79face71"
"PE-08-resource-map-api","62","GET","/api/v1/situation/resource-map","200","7.386","g5-693230f4-cc1d-4452-9ec1-ecbffc98e5d1"
"PE-08-resource-map-api","63","GET","/api/v1/situation/resource-map","200","7.445","g5-9eaf37cc-14b0-4964-a62b-b72288aeaed4"
"PE-08-resource-map-api","64","GET","/api/v1/situation/resource-map","200","7.419","g5-0cbe394e-ee1a-4c1f-b013-b9f69d68844f"
"PE-08-resource-map-api","65","GET","/api/v1/situation/resource-map","200","7.411","g5-50f3a4e8-bf7b-4813-8f28-6a36bc5854da"
"PE-08-resource-map-api","66","GET","/api/v1/situation/resource-map","200","7.478","g5-40281548-66c6-483a-b5dc-fdc4450f6550"
"PE-08-resource-map-api","67","GET","/api/v1/situation/resource-map","200","7.55","g5-b57ee9eb-c284-4138-9176-6b5e6ea979eb"
"PE-08-resource-map-api","68","GET","/api/v1/situation/resource-map","200","7.568","g5-d3293129-e696-467c-a4d9-ae4059797ddf"
"PE-08-resource-map-api","69","GET","/api/v1/situation/resource-map","200","7.621","g5-9eb33e2d-008a-441e-8002-5bd17671e1d7"
"PE-08-resource-map-api","70","GET","/api/v1/situation/resource-map","200","7.676","g5-8ef4f999-ace4-4eb1-9045-dda11a789796"
"PE-08-resource-map-api","71","GET","/api/v1/situation/resource-map","200","7.671","g5-6acb461b-e232-4a68-8038-4e7b9ebbb93e"
"PE-08-resource-map-api","72","GET","/api/v1/situation/resource-map","200","7.73","g5-49db3fe9-a57f-42c7-bdf9-ef497f11a3fc"
"PE-08-resource-map-api","73","GET","/api/v1/situation/resource-map","200","7.755","g5-dbcb1e0c-e42e-44c8-810c-e7a7f9c8672c"
"PE-08-resource-map-api","74","GET","/api/v1/situation/resource-map","200","7.835","g5-83a9670a-6518-419c-bdb0-15740bf94a17"
"PE-08-resource-map-api","75","GET","/api/v1/situation/resource-map","200","7.925","g5-addd7da2-bb86-4805-aedd-e3e78a51cc9c"
"PE-08-resource-map-api","76","GET","/api/v1/situation/resource-map","200","7.979","g5-f532de9d-1266-4804-896f-d6dd3fbd76ae"
"PE-08-resource-map-api","77","GET","/api/v1/situation/resource-map","200","8.035","g5-dc9a852f-8585-428f-8106-a0a31b02eb46"
"PE-08-resource-map-api","78","GET","/api/v1/situation/resource-map","200","8.074","g5-9315ee11-46f9-468a-a183-400fbe0e5f58"
"PE-08-resource-map-api","79","GET","/api/v1/situation/resource-map","200","8.141","g5-db809258-4c2c-46fd-a3ca-db9e4ac2657a"
"PE-08-resource-map-api","80","GET","/api/v1/situation/resource-map","200","8.197","g5-7b33f5bc-73c6-4890-9a57-08cc7d2547ae"
"PE-08-resource-map-api","81","GET","/api/v1/situation/resource-map","200","6.925","g5-ac51d1ca-14bc-459a-adef-550ef01a19e2"
"PE-08-resource-map-api","82","GET","/api/v1/situation/resource-map","200","6.944","g5-ee2456df-e01f-4706-9191-e0884f04a3e5"
"PE-08-resource-map-api","83","GET","/api/v1/situation/resource-map","200","7.045","g5-235fb346-e169-4cf3-b438-a618d8630863"
"PE-08-resource-map-api","84","GET","/api/v1/situation/resource-map","200","7.107","g5-eda29b02-819b-40ec-baf8-0adb7c9c32ac"
"PE-08-resource-map-api","85","GET","/api/v1/situation/resource-map","200","7.21","g5-b770bdc4-43f8-4017-9e2e-5e2203402ea1"
"PE-08-resource-map-api","86","GET","/api/v1/situation/resource-map","200","7.274","g5-0e8f39ef-a2c2-4e0c-9f06-22f066c27a55"
"PE-08-resource-map-api","87","GET","/api/v1/situation/resource-map","200","7.348","g5-2295a1f1-0583-4fce-9c0e-89aaff9911c8"
"PE-08-resource-map-api","88","GET","/api/v1/situation/resource-map","200","7.368","g5-a7d14e95-ab4f-4940-96d1-481b24eb1b11"
"PE-08-resource-map-api","89","GET","/api/v1/situation/resource-map","200","7.412","g5-fe026ca6-c2ca-4d26-9430-e2df8634d5ff"
"PE-08-resource-map-api","90","GET","/api/v1/situation/resource-map","200","7.471","g5-62fc73f8-5b04-439e-9587-53b18572a812"
"PE-08-resource-map-api","91","GET","/api/v1/situation/resource-map","200","7.526","g5-276f1a4f-a206-4667-b70d-fc6c1994e266"
"PE-08-resource-map-api","92","GET","/api/v1/situation/resource-map","200","7.611","g5-9a65cecc-8acb-4092-bae9-6463cf67ccf8"
"PE-08-resource-map-api","93","GET","/api/v1/situation/resource-map","200","7.693","g5-74ad4e11-6df9-4c46-9b0d-4bf3871c4bef"
"PE-08-resource-map-api","94","GET","/api/v1/situation/resource-map","200","7.792","g5-30eb118c-69fc-4c2a-a897-a85015e3cb01"
"PE-08-resource-map-api","95","GET","/api/v1/situation/resource-map","200","7.848","g5-f8a26ce4-e7e8-4414-a664-6c01305f2f12"
"PE-08-resource-map-api","96","GET","/api/v1/situation/resource-map","200","7.925","g5-952cada4-7579-4213-9bbd-911dc5366a2c"
"PE-08-resource-map-api","97","GET","/api/v1/situation/resource-map","200","7.976","g5-41d44bc1-1c42-4164-93f8-236c539b54c5"
"PE-08-resource-map-api","98","GET","/api/v1/situation/resource-map","200","8.037","g5-ed87e4a0-df07-45f2-a593-c83ddd2e2a3e"
"PE-08-resource-map-api","99","GET","/api/v1/situation/resource-map","200","8.097","g5-db1f896a-7e86-4a2b-b42b-4586a0116523"
"PE-08-resource-map-api","100","GET","/api/v1/situation/resource-map","200","8.167","g5-0003b1f0-83c9-44a6-9e6f-efe3c5329a6a"
"PE-12-statistics-api","1","GET","/api/v1/statistics/emergency","200","9.48","g5-35879d2e-8793-4732-a5ff-1b88792ee484"
"PE-12-statistics-api","2","GET","/api/v1/statistics/emergency","200","9.476","g5-f0bfda65-e3cd-4bbf-9b76-9a2f86367d9e"
"PE-12-statistics-api","3","GET","/api/v1/statistics/emergency","200","9.477","g5-eca2ac90-de87-4ee5-8f15-6beb5cba11b6"
"PE-12-statistics-api","4","GET","/api/v1/statistics/emergency","200","9.496","g5-ff33fdea-978d-402f-9b04-da57417e9358"
"PE-12-statistics-api","5","GET","/api/v1/statistics/emergency","200","9.525","g5-2b4b5951-3126-4b0a-baba-b862035b2e79"
"PE-12-statistics-api","6","GET","/api/v1/statistics/emergency","200","9.548","g5-4ed891de-83e4-46b1-8ff7-59c73dbb2c4e"
"PE-12-statistics-api","7","GET","/api/v1/statistics/emergency","200","9.56","g5-c6441ff1-6853-4a0a-959d-1d19f0a43ae1"
"PE-12-statistics-api","8","GET","/api/v1/statistics/emergency","200","9.568","g5-5d740c19-54df-426f-9a17-b2bfd53792fc"
"PE-12-statistics-api","9","GET","/api/v1/statistics/emergency","200","9.589","g5-572d1c1e-2858-4198-9c05-bbeda1047023"
"PE-12-statistics-api","10","GET","/api/v1/statistics/emergency","200","9.58","g5-56cc27be-ca1a-4ccb-92a5-66be005f6af7"
"PE-12-statistics-api","11","GET","/api/v1/statistics/emergency","200","9.589","g5-2f0664d7-b55e-46fc-83f2-f42fc035e632"
"PE-12-statistics-api","12","GET","/api/v1/statistics/emergency","200","9.584","g5-bc13111a-d724-4438-9ec6-f9a539a71690"
"PE-12-statistics-api","13","GET","/api/v1/statistics/emergency","200","9.597","g5-78e384b3-df9a-4c94-acba-f9dd30fcc638"
"PE-12-statistics-api","14","GET","/api/v1/statistics/emergency","200","9.623","g5-9780ce12-3998-41d8-9c97-973edab64f23"
"PE-12-statistics-api","15","GET","/api/v1/statistics/emergency","200","9.657","g5-c353d192-c3b0-4580-8b48-a60eb1bd4da8"
"PE-12-statistics-api","16","GET","/api/v1/statistics/emergency","200","9.666","g5-c4624984-f4de-4795-bf09-512872c69f5d"
"PE-12-statistics-api","17","GET","/api/v1/statistics/emergency","200","9.673","g5-976193e9-ec45-485e-9f4f-b44e86495288"
"PE-12-statistics-api","18","GET","/api/v1/statistics/emergency","200","9.665","g5-909cb721-5237-42d1-adcd-abe90e491b17"
"PE-12-statistics-api","19","GET","/api/v1/statistics/emergency","200","9.67","g5-9341116d-ba83-47ec-a520-4cc9c5bb4ebd"
"PE-12-statistics-api","20","GET","/api/v1/statistics/emergency","200","9.687","g5-0680b098-9999-43fe-b1f8-e12e8c042733"
"PE-12-statistics-api","21","GET","/api/v1/statistics/emergency","200","9.869","g5-ab2144bb-f304-46df-9eff-bb7b56439f2d"
"PE-12-statistics-api","22","GET","/api/v1/statistics/emergency","200","9.88","g5-24381f98-4609-4969-bd90-e42b006ba36e"
"PE-12-statistics-api","23","GET","/api/v1/statistics/emergency","200","9.888","g5-272e9992-bb99-4620-a433-e407b5ca746c"
"PE-12-statistics-api","24","GET","/api/v1/statistics/emergency","200","9.89","g5-e1222dd6-2d41-48bb-8767-a056592a58ac"
"PE-12-statistics-api","25","GET","/api/v1/statistics/emergency","200","9.886","g5-f1a24930-f0db-4269-8ca4-ab7ab0451fc1"
"PE-12-statistics-api","26","GET","/api/v1/statistics/emergency","200","9.884","g5-78c4d906-bf1c-4bbf-8882-d8272012864e"
"PE-12-statistics-api","27","GET","/api/v1/statistics/emergency","200","9.896","g5-b0f3e5c6-5cc6-4cea-91a5-19a568d059d8"
"PE-12-statistics-api","28","GET","/api/v1/statistics/emergency","200","9.908","g5-49f4edbd-a751-4d22-9ea1-5198c21563fc"
"PE-12-statistics-api","29","GET","/api/v1/statistics/emergency","200","9.875","g5-cce404cd-9399-44be-b127-c1b989137931"
"PE-12-statistics-api","30","GET","/api/v1/statistics/emergency","200","9.846","g5-b132807e-639a-46d5-9f69-2ed35105a09b"
"PE-12-statistics-api","31","GET","/api/v1/statistics/emergency","200","11.809","g5-0c2fda85-044f-49c6-8d05-8df6f0ce5aa3"
"PE-12-statistics-api","32","GET","/api/v1/statistics/emergency","200","11.923","g5-64314d7a-c551-4b94-b9fa-db5b7f429f66"
"PE-12-statistics-api","33","GET","/api/v1/statistics/emergency","200","12.025","g5-c256bfba-ff0f-459d-9d58-8144f170d60d"
"PE-12-statistics-api","34","GET","/api/v1/statistics/emergency","200","12.045","g5-06a5ba59-952c-4e24-936e-def74bfdf36d"
"PE-12-statistics-api","35","GET","/api/v1/statistics/emergency","200","12.054","g5-83f7deb4-8afc-4464-8e47-15e147db3354"
"PE-12-statistics-api","36","GET","/api/v1/statistics/emergency","200","12.074","g5-0df6947c-47be-4f3e-b187-d986b827905a"
"PE-12-statistics-api","37","GET","/api/v1/statistics/emergency","200","12.046","g5-4bf8d840-3c11-4e3b-9cfd-73869b42e25e"
"PE-12-statistics-api","38","GET","/api/v1/statistics/emergency","200","12.029","g5-da43fb38-ddb2-4dce-8be6-71c104457e16"
"PE-12-statistics-api","39","GET","/api/v1/statistics/emergency","200","12.038","g5-56232b94-f193-4746-8457-52f49281cd29"
"PE-12-statistics-api","40","GET","/api/v1/statistics/emergency","200","12.049","g5-c5599f95-3535-42dd-9b81-a04c12a292f3"
"PE-12-statistics-api","41","GET","/api/v1/statistics/emergency","200","9.098","g5-1f53b770-03f8-47b2-b34d-609f35c8bec7"
"PE-12-statistics-api","42","GET","/api/v1/statistics/emergency","200","9.028","g5-038a987f-2366-4632-b37a-3e286c17c901"
"PE-12-statistics-api","43","GET","/api/v1/statistics/emergency","200","9.034","g5-ac423655-b498-4611-b034-598f7a78deb8"
"PE-12-statistics-api","44","GET","/api/v1/statistics/emergency","200","9.043","g5-82a87435-c439-4360-ac6e-79796e35fe2e"
"PE-12-statistics-api","45","GET","/api/v1/statistics/emergency","200","9.05","g5-80b69608-7994-457b-8e80-ec4ba19962b8"
"PE-12-statistics-api","46","GET","/api/v1/statistics/emergency","200","9.058","g5-2e93f9c2-5d13-4521-a5d6-df658cc265c7"
"PE-12-statistics-api","47","GET","/api/v1/statistics/emergency","200","9.087","g5-faec7998-15fe-44e7-ad07-81b46d998f01"
"PE-12-statistics-api","48","GET","/api/v1/statistics/emergency","200","9.09","g5-c6685265-0592-4248-9111-d1cb34802a3b"
"PE-12-statistics-api","49","GET","/api/v1/statistics/emergency","200","9.101","g5-ebc37940-fd9d-4253-be75-938506444190"
"PE-12-statistics-api","50","GET","/api/v1/statistics/emergency","200","9.108","g5-cc8e0525-a3bf-424a-8e9e-c752c13a1b69"
"PE-12-statistics-api","51","GET","/api/v1/statistics/emergency","200","9.119","g5-b02aa0ae-d9f7-43c0-b734-dbdf707bb0f6"
"PE-12-statistics-api","52","GET","/api/v1/statistics/emergency","200","9.122","g5-ed74d1f6-9fb9-4e49-8316-3ff8187ecc51"
"PE-12-statistics-api","53","GET","/api/v1/statistics/emergency","200","9.081","g5-30b5dafa-5f1a-44eb-a862-e0aaf3fe69e2"
"PE-12-statistics-api","54","GET","/api/v1/statistics/emergency","200","9.084","g5-da8778a4-d351-4bdd-b7ba-7c45d2946378"
"PE-12-statistics-api","55","GET","/api/v1/statistics/emergency","200","9.091","g5-f89498b7-c476-4f04-b8bb-722f10079ee9"
"PE-12-statistics-api","56","GET","/api/v1/statistics/emergency","200","9.113","g5-c5006145-9f89-4ee1-9b12-acf2d3b259a1"
"PE-12-statistics-api","57","GET","/api/v1/statistics/emergency","200","9.11","g5-8f21b3a1-8d95-44c5-8563-dad280ffd776"
"PE-12-statistics-api","58","GET","/api/v1/statistics/emergency","200","9.12","g5-3bfa8923-bc1a-42e4-a35f-e5515380783e"
"PE-12-statistics-api","59","GET","/api/v1/statistics/emergency","200","9.126","g5-fcbc2654-d482-4745-8046-2cf22621f611"
"PE-12-statistics-api","60","GET","/api/v1/statistics/emergency","200","9.144","g5-413d1b30-b450-4406-871b-9dc71de807b4"
"PE-12-statistics-api","61","GET","/api/v1/statistics/emergency","200","9.174","g5-e482e73a-d09b-4d98-b1bd-f25933d7b824"
"PE-12-statistics-api","62","GET","/api/v1/statistics/emergency","200","9.202","g5-2bed0c83-40ad-403f-b2fa-cfcd452225e3"
"PE-12-statistics-api","63","GET","/api/v1/statistics/emergency","200","9.209","g5-b4f741f5-a58a-477a-bf01-1904deabd2a3"
"PE-12-statistics-api","64","GET","/api/v1/statistics/emergency","200","9.216","g5-f349e29b-3cc3-4398-9254-ef3b67feb7ec"
"PE-12-statistics-api","65","GET","/api/v1/statistics/emergency","200","9.228","g5-df4f5dec-7bfb-481f-a48b-3a1f4d7d8188"
"PE-12-statistics-api","66","GET","/api/v1/statistics/emergency","200","9.233","g5-faa4dac8-370d-486a-979d-27d179eaa842"
"PE-12-statistics-api","67","GET","/api/v1/statistics/emergency","200","9.222","g5-6c77bdba-c2a9-451b-bf73-b7b2e2c41bf9"
"PE-12-statistics-api","68","GET","/api/v1/statistics/emergency","200","9.216","g5-53e14a0f-3ddb-4c1a-8865-0ab09f4a0076"
"PE-12-statistics-api","69","GET","/api/v1/statistics/emergency","200","9.227","g5-1d3ec348-fc81-4a8b-ab73-2cc0af43b130"
"PE-12-statistics-api","70","GET","/api/v1/statistics/emergency","200","9.233","g5-79ef4063-4eea-4fed-9e59-f04b2fa0e519"
"PE-12-statistics-api","71","GET","/api/v1/statistics/emergency","200","9.244","g5-8e1d9b13-0471-4a83-8c51-92e684810f4d"
"PE-12-statistics-api","72","GET","/api/v1/statistics/emergency","200","9.253","g5-b0cf745d-eb88-4235-b2fe-39b612ae76e0"
"PE-12-statistics-api","73","GET","/api/v1/statistics/emergency","200","9.258","g5-e6ffd97a-979c-423c-be3b-0db905312189"
"PE-12-statistics-api","74","GET","/api/v1/statistics/emergency","200","9.265","g5-166d0863-cb2e-4bc4-92ec-65d7c11b91c5"
"PE-12-statistics-api","75","GET","/api/v1/statistics/emergency","200","9.271","g5-8c0d2764-6c95-4111-99e3-2467fc8ba31c"
"PE-12-statistics-api","76","GET","/api/v1/statistics/emergency","200","9.28","g5-99a49617-d311-4988-9de3-19788b0458e2"
"PE-12-statistics-api","77","GET","/api/v1/statistics/emergency","200","9.29","g5-9b6686e0-c8dd-4c74-93b1-ce2c781f1580"
"PE-12-statistics-api","78","GET","/api/v1/statistics/emergency","200","9.294","g5-36b95920-0db5-47f7-a6f4-dead0fba1138"
"PE-12-statistics-api","79","GET","/api/v1/statistics/emergency","200","9.306","g5-a779ced8-593a-4c64-8bec-9b81c4bf3000"
"PE-12-statistics-api","80","GET","/api/v1/statistics/emergency","200","9.343","g5-26a1e1c3-b7db-42d4-bbe4-6adff549dc8c"
"PE-12-statistics-api","81","GET","/api/v1/statistics/emergency","200","9.184","g5-02e800b1-23b9-4fb4-a31f-46625bf42928"
"PE-12-statistics-api","82","GET","/api/v1/statistics/emergency","200","9.149","g5-8a27f7e4-0639-414c-b239-9fe0e4b28068"
"PE-12-statistics-api","83","GET","/api/v1/statistics/emergency","200","9.16","g5-9d04e0ae-1d08-4886-a60c-bca563971864"
"PE-12-statistics-api","84","GET","/api/v1/statistics/emergency","200","9.194","g5-a7cddb97-4822-4ad0-bf5d-4f1e6c4ea94b"
"PE-12-statistics-api","85","GET","/api/v1/statistics/emergency","200","9.231","g5-954f0665-58f5-49aa-a4a2-aca487f64668"
"PE-12-statistics-api","86","GET","/api/v1/statistics/emergency","200","9.239","g5-693a5fd2-1adc-4dbb-9f60-7aeffdc4d547"
"PE-12-statistics-api","87","GET","/api/v1/statistics/emergency","200","9.261","g5-3704cba8-481a-4904-9617-f36045e91569"
"PE-12-statistics-api","88","GET","/api/v1/statistics/emergency","200","9.274","g5-d4f4d4fb-0710-4adb-8a5f-07199ce0f5f5"
"PE-12-statistics-api","89","GET","/api/v1/statistics/emergency","200","9.286","g5-3b56c95c-559d-44c7-a211-a2e97c8fdd6a"
"PE-12-statistics-api","90","GET","/api/v1/statistics/emergency","200","9.307","g5-a3bcdedd-0952-4fac-818b-4e1a5eb47599"
"PE-12-statistics-api","91","GET","/api/v1/statistics/emergency","200","9.317","g5-9e45024a-76b3-4f4a-bb49-7cc0d49e42c1"
"PE-12-statistics-api","92","GET","/api/v1/statistics/emergency","200","9.341","g5-81843299-33de-4700-85bb-70d9b6188c7b"
"PE-12-statistics-api","93","GET","/api/v1/statistics/emergency","200","9.367","g5-2a9d47d8-1991-476d-bd55-757eac49bf7b"
"PE-12-statistics-api","94","GET","/api/v1/statistics/emergency","200","9.381","g5-cadf4245-6789-47d7-b789-a14b3b6e6989"
"PE-12-statistics-api","95","GET","/api/v1/statistics/emergency","200","9.394","g5-94df3a07-a2e0-4794-b238-a9d953998b98"
"PE-12-statistics-api","96","GET","/api/v1/statistics/emergency","200","9.423","g5-989a5f00-a813-49b3-8826-204cd4f4cadd"
"PE-12-statistics-api","97","GET","/api/v1/statistics/emergency","200","9.414","g5-12087fa1-2177-4aa5-ba67-aa8a6a14e6e4"
"PE-12-statistics-api","98","GET","/api/v1/statistics/emergency","200","9.419","g5-232f451e-a356-4754-b81d-f83cc2fd4bc4"
"PE-12-statistics-api","99","GET","/api/v1/statistics/emergency","200","9.438","g5-2f76a5e7-3b74-4698-870f-9da5e0717f9a"
"PE-12-statistics-api","100","GET","/api/v1/statistics/emergency","200","9.446","g5-1afa8bd0-ee92-4d34-b304-5cf0a57950c5"
